block,count
69.136.116.0/24,1
34.68.108.0/24,1
73.14.209.0/24,1
205.237.91.0/24,1
142.93.120.0/24,1
98.177.32.0/24,1
184.89.22.0/24,1
73.118.153.0/24,1
45.60.110.0/24,1
24.207.237.0/24,1
96.249.219.0/24,1
117.102.213.0/24,1
66.242.15.0/24,1
73.163.34.0/24,1
71.32.163.0/24,1
68.40.168.0/24,1
98.164.15.0/24,1
27.133.139.0/24,1
47.234.131.0/24,1
126.219.127.0/24,1
27.120.96.0/24,1
35.129.88.0/24,1
81.99.218.0/24,1
71.186.189.0/24,1
114.86.114.0/24,1
71.231.23.0/24,1
76.138.189.0/24,1
73.31.213.0/24,1
94.218.67.0/24,1
189.151.255.0/24,1
131.252.82.0/24,1
68.186.25.0/24,1
84.9.121.0/24,1
118.47.242.0/24,1
34.204.73.0/24,1
24.203.4.0/24,1
108.190.9.0/24,1
58.91.24.0/24,1
74.99.85.0/24,1
174.104.50.0/24,1
89.164.167.0/24,1
73.141.19.0/24,1
84.195.202.0/24,1
71.34.72.0/24,1
183.115.172.0/24,1
98.250.74.0/24,1
176.86.213.0/24,1
23.201.64.0/24,1
180.107.52.0/24,1
199.119.87.0/24,1
50.195.60.0/24,1
211.192.99.0/24,1
191.45.72.0/24,1
184.91.240.0/24,1
134.175.131.0/24,1
75.134.5.0/24,1
126.91.7.0/24,1
108.191.9.0/24,1
94.8.148.0/24,1
65.133.93.0/24,1
118.50.224.0/24,1
23.220.49.0/24,1
66.212.133.0/24,1
98.230.191.0/24,1
34.129.216.0/24,1
188.61.141.0/24,1
101.35.187.0/24,1
68.183.31.0/24,1
120.195.46.0/24,1
72.176.182.0/24,1
14.51.102.0/24,1
49.63.193.0/24,1
146.59.72.0/24,1
73.56.199.0/24,1
98.213.19.0/24,1
45.190.122.0/24,1
173.255.245.0/24,1
66.41.155.0/24,1
67.140.170.0/24,1
67.170.176.0/24,1
87.253.106.0/24,1
68.53.195.0/24,1
188.233.91.0/24,1
95.181.216.0/24,1
210.178.152.0/24,1
51.178.119.0/24,1
84.163.220.0/24,1
182.235.154.0/24,1
27.158.151.0/24,1
143.198.245.0/24,1
190.122.241.0/24,1
78.123.19.0/24,1
88.14.22.0/24,1
62.178.82.0/24,1
84.33.209.0/24,1
82.4.141.0/24,1
42.84.35.0/24,1
161.22.101.0/24,1
92.219.54.0/24,1
60.215.1.0/24,1
90.201.19.0/24,1
134.16.94.0/24,1
80.250.117.0/24,1
117.104.3.0/24,1
80.5.221.0/24,1
90.203.36.0/24,1
39.82.121.0/24,1
190.182.181.0/24,1
45.94.252.0/24,1
37.151.145.0/24,1
109.133.199.0/24,1
2.220.66.0/24,1
125.167.185.0/24,1
47.104.27.0/24,1
122.172.178.0/24,1
178.47.253.0/24,1
79.51.58.0/24,1
106.212.251.0/24,1
178.137.208.0/24,1
34.111.148.0/24,1
42.239.92.0/24,1
94.75.97.0/24,1
65.128.13.0/24,1
172.105.253.0/24,1
91.151.89.0/24,1
67.171.140.0/24,1
187.156.105.0/24,1
184.30.47.0/24,1
73.253.172.0/24,1
108.21.248.0/24,1
185.226.97.0/24,1
68.98.67.0/24,1
187.191.94.0/24,1
98.224.166.0/24,1
69.28.91.0/24,1
40.108.233.0/24,1
99.250.252.0/24,1
68.229.25.0/24,1
45.123.4.0/24,1
24.5.45.0/24,1
76.23.239.0/24,1
24.127.63.0/24,1
208.14.182.0/24,1
76.26.16.0/24,1
73.57.87.0/24,1
67.40.197.0/24,1
182.188.213.0/24,1
71.192.219.0/24,1
187.147.89.0/24,1
24.18.180.0/24,1
98.239.87.0/24,1
101.108.13.0/24,1
192.254.170.0/24,1
137.118.36.0/24,1
72.216.32.0/24,1
161.77.65.0/24,1
119.162.10.0/24,1
66.177.214.0/24,1
73.77.59.0/24,1
104.123.217.0/24,1
81.173.184.0/24,1
71.231.58.0/24,1
73.172.80.0/24,1
49.62.173.0/24,1
185.237.165.0/24,1
69.204.126.0/24,1
201.127.195.0/24,1
98.116.69.0/24,1
211.109.92.0/24,1
119.202.10.0/24,1
112.157.129.0/24,1
122.34.20.0/24,1
109.193.129.0/24,1
110.181.7.0/24,1
77.179.184.0/24,1
80.84.197.0/24,1
75.180.38.0/24,1
121.175.105.0/24,1
23.72.143.0/24,1
204.14.67.0/24,1
118.49.175.0/24,1
175.5.232.0/24,1
221.139.19.0/24,1
79.159.115.0/24,1
13.225.74.0/24,1
79.113.224.0/24,1
14.181.34.0/24,1
49.22.167.0/24,1
104.154.247.0/24,1
99.194.156.0/24,1
14.71.190.0/24,1
5.133.207.0/24,1
70.58.26.0/24,1
60.109.187.0/24,1
184.15.163.0/24,1
109.31.50.0/24,1
76.168.211.0/24,1
70.117.232.0/24,1
76.115.222.0/24,1
80.116.93.0/24,1
91.35.103.0/24,1
71.231.235.0/24,1
201.102.48.0/24,1
217.22.154.0/24,1
23.196.241.0/24,1
78.150.202.0/24,1
167.61.130.0/24,1
89.202.73.0/24,1
213.98.189.0/24,1
41.35.222.0/24,1
77.123.66.0/24,1
112.242.234.0/24,1
106.107.238.0/24,1
85.116.0.0/24,1
73.49.85.0/24,1
51.182.242.0/24,1
125.136.176.0/24,1
190.33.246.0/24,1
199.243.221.0/24,1
183.93.44.0/24,1
178.193.118.0/24,1
151.205.183.0/24,1
23.223.81.0/24,1
146.4.54.0/24,1
68.43.29.0/24,1
65.30.11.0/24,1
34.27.124.0/24,1
68.48.196.0/24,1
24.66.32.0/24,1
198.41.52.0/24,1
77.28.186.0/24,1
194.78.156.0/24,1
85.218.34.0/24,1
200.103.135.0/24,1
88.93.204.0/24,1
69.132.7.0/24,1
175.205.35.0/24,1
81.223.195.0/24,1
49.163.105.0/24,1
124.49.77.0/24,1
103.3.201.0/24,1
89.239.3.0/24,1
179.191.133.0/24,1
79.247.168.0/24,1
189.241.128.0/24,1
92.209.220.0/24,1
82.216.8.0/24,1
203.222.192.0/24,1
73.215.81.0/24,1
69.132.104.0/24,1
211.202.114.0/24,1
217.23.32.0/24,1
50.96.107.0/24,1
66.56.93.0/24,1
2.134.26.0/24,1
86.100.217.0/24,1
95.169.192.0/24,1
73.86.16.0/24,1
112.155.222.0/24,1
98.249.198.0/24,1
14.60.228.0/24,1
67.241.212.0/24,1
213.247.77.0/24,1
88.14.209.0/24,1
125.243.246.0/24,1
5.143.19.0/24,1
79.228.161.0/24,1
95.246.209.0/24,1
79.157.44.0/24,1
181.61.79.0/24,1
147.235.207.0/24,1
88.17.6.0/24,1
116.126.83.0/24,1
154.7.13.0/24,1
171.49.210.0/24,1
80.155.58.0/24,1
188.60.203.0/24,1
124.53.86.0/24,1
211.243.58.0/24,1
75.172.49.0/24,1
175.239.39.0/24,1
14.40.206.0/24,1
177.53.247.0/24,1
47.182.50.0/24,1
51.182.122.0/24,1
31.163.204.0/24,1
116.211.183.0/24,1
98.147.243.0/24,1
92.209.244.0/24,1
67.209.189.0/24,1
95.104.168.0/24,1
197.163.221.0/24,1
118.238.37.0/24,1
218.165.29.0/24,1
61.82.42.0/24,1
74.96.113.0/24,1
122.222.251.0/24,1
86.63.33.0/24,1
39.114.206.0/24,1
81.169.128.0/24,1
190.0.177.0/24,1
175.140.142.0/24,1
93.196.156.0/24,1
182.65.41.0/24,1
188.62.42.0/24,1
91.61.205.0/24,1
159.203.163.0/24,1
109.60.51.0/24,1
193.86.29.0/24,1
97.121.152.0/24,1
220.240.39.0/24,1
102.115.40.0/24,1
2.108.161.0/24,1
185.14.71.0/24,1
50.44.170.0/24,1
41.159.29.0/24,1
79.218.48.0/24,1
97.102.236.0/24,1
77.35.112.0/24,1
64.215.159.0/24,1
84.189.100.0/24,1
1.59.156.0/24,1
86.20.218.0/24,1
73.75.231.0/24,1
175.120.1.0/24,1
91.178.232.0/24,1
222.99.192.0/24,1
87.21.29.0/24,1
178.3.156.0/24,1
97.102.231.0/24,1
105.141.241.0/24,1
46.176.0.0/24,1
173.59.46.0/24,1
187.235.203.0/24,1
143.204.39.0/24,1
122.137.50.0/24,1
18.154.95.0/24,1
72.38.205.0/24,1
120.4.226.0/24,1
174.65.241.0/24,1
72.207.221.0/24,1
34.125.162.0/24,1
184.24.3.0/24,1
90.182.184.0/24,1
135.0.5.0/24,1
77.181.171.0/24,1
114.222.139.0/24,1
189.224.68.0/24,1
188.20.35.0/24,1
24.53.14.0/24,1
126.251.59.0/24,1
88.3.145.0/24,1
88.5.123.0/24,1
75.70.123.0/24,1
179.250.33.0/24,1
68.146.176.0/24,1
68.148.164.0/24,1
75.64.67.0/24,1
73.33.92.0/24,1
206.109.102.0/24,1
27.109.185.0/24,1
63.153.25.0/24,1
221.233.12.0/24,1
98.114.243.0/24,1
174.57.20.0/24,1
73.221.129.0/24,1
46.158.211.0/24,1
73.88.105.0/24,1
68.205.5.0/24,1
126.94.163.0/24,1
47.155.99.0/24,1
54.192.173.0/24,1
111.167.152.0/24,1
188.220.160.0/24,1
76.188.218.0/24,1
112.157.182.0/24,1
61.162.73.0/24,1
125.38.249.0/24,1
188.115.118.0/24,1
115.18.52.0/24,1
65.158.120.0/24,1
73.246.93.0/24,1
61.106.221.0/24,1
154.7.122.0/24,1
34.110.208.0/24,1
118.172.4.0/24,1
180.69.4.0/24,1
109.131.126.0/24,1
91.177.58.0/24,1
95.170.70.0/24,1
73.199.40.0/24,1
77.32.188.0/24,1
222.99.230.0/24,1
187.139.181.0/24,1
219.99.221.0/24,1
60.121.43.0/24,1
49.79.150.0/24,1
100.19.88.0/24,1
63.146.246.0/24,1
203.218.40.0/24,1
173.254.9.0/24,1
119.189.41.0/24,1
96.248.0.0/24,1
73.161.245.0/24,1
67.174.172.0/24,1
2.80.77.0/24,1
149.129.243.0/24,1
91.140.1.0/24,1
60.117.85.0/24,1
77.213.195.0/24,1
101.229.12.0/24,1
118.63.230.0/24,1
32.221.166.0/24,1
23.233.170.0/24,1
27.64.181.0/24,1
23.56.125.0/24,1
124.110.8.0/24,1
60.36.7.0/24,1
5.137.172.0/24,1
187.78.99.0/24,1
34.148.67.0/24,1
85.206.167.0/24,1
89.79.211.0/24,1
116.253.161.0/24,1
67.158.175.0/24,1
82.134.197.0/24,1
186.30.92.0/24,1
14.36.253.0/24,1
89.246.222.0/24,1
124.92.129.0/24,1
78.122.209.0/24,1
179.24.184.0/24,1
175.140.39.0/24,1
114.223.239.0/24,1
87.153.173.0/24,1
49.49.153.0/24,1
180.68.172.0/24,1
27.238.105.0/24,1
124.247.141.0/24,1
177.148.211.0/24,1
175.168.67.0/24,1
104.84.234.0/24,1
51.19.75.0/24,1
193.85.203.0/24,1
85.246.93.0/24,1
84.76.250.0/24,1
121.233.198.0/24,1
157.97.145.0/24,1
79.91.54.0/24,1
84.169.191.0/24,1
52.85.120.0/24,1
18.170.254.0/24,1
182.225.203.0/24,1
91.18.178.0/24,1
104.27.201.0/24,1
182.59.40.0/24,1
74.92.177.0/24,1
77.248.227.0/24,1
114.225.115.0/24,1
178.129.124.0/24,1
58.39.47.0/24,1
93.41.139.0/24,1
85.183.11.0/24,1
211.215.42.0/24,1
126.6.18.0/24,1
13.237.158.0/24,1
105.247.202.0/24,1
154.221.143.0/24,1
93.36.255.0/24,1
27.222.131.0/24,1
177.201.77.0/24,1
91.8.13.0/24,1
84.226.137.0/24,1
212.104.122.0/24,1
184.15.53.0/24,1
2.47.9.0/24,1
213.25.121.0/24,1
51.191.174.0/24,1
112.250.60.0/24,1
178.79.146.0/24,1
78.37.206.0/24,1
60.209.174.0/24,1
117.202.17.0/24,1
125.140.90.0/24,1
111.163.191.0/24,1
111.119.212.0/24,1
79.31.221.0/24,1
18.172.128.0/24,1
121.159.72.0/24,1
79.111.118.0/24,1
34.242.138.0/24,1
123.55.66.0/24,1
23.81.232.0/24,1
185.152.207.0/24,1
175.125.67.0/24,1
67.3.107.0/24,1
115.13.0.0/24,1
27.65.30.0/24,1
185.133.5.0/24,1
124.51.17.0/24,1
179.104.93.0/24,1
112.100.10.0/24,1
110.175.151.0/24,1
167.235.29.0/24,1
92.94.124.0/24,1
60.185.255.0/24,1
110.240.175.0/24,1
84.153.218.0/24,1
106.222.15.0/24,1
188.17.71.0/24,1
68.161.148.0/24,1
119.50.47.0/24,1
92.205.51.0/24,1
87.66.233.0/24,1
24.69.137.0/24,1
73.214.78.0/24,1
73.78.12.0/24,1
71.191.48.0/24,1
98.42.248.0/24,1
155.133.121.0/24,1
172.221.116.0/24,1
125.37.62.0/24,1
179.107.192.0/24,1
223.187.45.0/24,1
187.136.185.0/24,1
95.55.250.0/24,1
72.182.194.0/24,1
76.49.58.0/24,1
14.75.242.0/24,1
32.208.96.0/24,1
111.81.29.0/24,1
34.171.179.0/24,1
98.110.122.0/24,1
50.195.190.0/24,1
73.215.161.0/24,1
104.64.202.0/24,1
118.32.16.0/24,1
42.177.10.0/24,1
65.60.225.0/24,1
23.6.30.0/24,1
38.15.91.0/24,1
38.114.202.0/24,1
188.211.125.0/24,1
73.82.183.0/24,1
213.168.17.0/24,1
42.225.57.0/24,1
71.91.145.0/24,1
113.107.137.0/24,1
223.220.246.0/24,1
193.33.81.0/24,1
173.194.8.0/24,1
115.11.142.0/24,1
207.246.248.0/24,1
178.119.164.0/24,1
125.242.32.0/24,1
58.122.10.0/24,1
88.71.125.0/24,1
112.184.222.0/24,1
195.91.167.0/24,1
221.205.24.0/24,1
210.153.153.0/24,1
23.193.40.0/24,1
173.211.88.0/24,1
5.148.145.0/24,1
14.213.124.0/24,1
201.145.1.0/24,1
122.32.156.0/24,1
99.86.14.0/24,1
76.167.33.0/24,1
149.233.50.0/24,1
117.199.233.0/24,1
46.228.22.0/24,1
58.79.77.0/24,1
156.62.190.0/24,1
2.223.62.0/24,1
187.149.12.0/24,1
85.45.115.0/24,1
79.241.215.0/24,1
172.91.116.0/24,1
73.65.210.0/24,1
96.10.17.0/24,1
102.119.177.0/24,1
184.162.201.0/24,1
104.32.104.0/24,1
71.229.234.0/24,1
68.203.14.0/24,1
112.146.152.0/24,1
119.99.16.0/24,1
73.143.117.0/24,1
84.46.20.0/24,1
75.117.225.0/24,1
200.148.159.0/24,1
112.32.138.0/24,1
182.225.81.0/24,1
27.42.144.0/24,1
188.240.173.0/24,1
185.244.216.0/24,1
88.22.214.0/24,1
119.178.74.0/24,1
106.54.0.0/24,1
183.117.32.0/24,1
71.202.102.0/24,1
159.0.11.0/24,1
77.56.142.0/24,1
34.150.247.0/24,1
1.216.167.0/24,1
72.65.224.0/24,1
183.120.108.0/24,1
112.126.132.0/24,1
122.211.136.0/24,1
60.140.197.0/24,1
101.88.150.0/24,1
81.38.203.0/24,1
23.49.85.0/24,1
23.242.214.0/24,1
35.205.211.0/24,1
87.67.160.0/24,1
118.58.42.0/24,1
110.13.202.0/24,1
119.186.72.0/24,1
95.183.83.0/24,1
110.15.105.0/24,1
92.208.122.0/24,1
107.154.104.0/24,1
166.211.239.0/24,1
163.116.201.0/24,1
77.103.129.0/24,1
73.211.181.0/24,1
24.64.240.0/24,1
142.111.61.0/24,1
114.199.200.0/24,1
98.29.180.0/24,1
58.125.47.0/24,1
50.2.169.0/24,1
114.156.93.0/24,1
73.10.61.0/24,1
143.244.168.0/24,1
220.133.103.0/24,1
2.61.124.0/24,1
182.123.118.0/24,1
123.184.46.0/24,1
113.40.92.0/24,1
175.127.18.0/24,1
61.80.177.0/24,1
70.186.118.0/24,1
93.116.38.0/24,1
38.35.88.0/24,1
91.149.235.0/24,1
190.1.9.0/24,1
73.183.39.0/24,1
100.7.62.0/24,1
121.27.41.0/24,1
124.155.164.0/24,1
78.23.141.0/24,1
222.235.98.0/24,1
68.47.114.0/24,1
141.135.76.0/24,1
219.254.140.0/24,1
112.187.239.0/24,1
14.33.227.0/24,1
183.64.116.0/24,1
87.176.71.0/24,1
77.78.163.0/24,1
80.162.83.0/24,1
118.103.33.0/24,1
199.187.91.0/24,1
221.38.130.0/24,1
136.49.150.0/24,1
71.181.67.0/24,1
73.108.91.0/24,1
90.195.254.0/24,1
173.170.88.0/24,1
46.163.118.0/24,1
222.234.118.0/24,1
80.41.235.0/24,1
114.221.161.0/24,1
73.195.240.0/24,1
213.121.137.0/24,1
24.193.154.0/24,1
35.223.242.0/24,1
92.208.174.0/24,1
88.1.177.0/24,1
87.7.43.0/24,1
49.233.13.0/24,1
179.172.122.0/24,1
122.40.151.0/24,1
87.220.21.0/24,1
194.163.170.0/24,1
191.243.121.0/24,1
61.110.170.0/24,1
66.91.222.0/24,1
100.38.21.0/24,1
165.169.9.0/24,1
60.62.171.0/24,1
174.55.182.0/24,1
2.218.152.0/24,1
46.103.148.0/24,1
211.245.33.0/24,1
27.211.87.0/24,1
142.196.106.0/24,1
118.14.126.0/24,1
2.109.153.0/24,1
93.131.36.0/24,1
219.123.201.0/24,1
116.54.240.0/24,1
84.25.23.0/24,1
71.207.40.0/24,1
81.36.172.0/24,1
52.178.64.0/24,1
92.55.41.0/24,1
198.244.90.0/24,1
88.5.117.0/24,1
35.187.160.0/24,1
121.204.149.0/24,1
113.227.129.0/24,1
81.107.197.0/24,1
104.199.175.0/24,1
156.249.7.0/24,1
27.218.240.0/24,1
181.140.114.0/24,1
85.147.112.0/24,1
112.230.105.0/24,1
212.234.194.0/24,1
136.243.64.0/24,1
197.8.36.0/24,1
77.103.179.0/24,1
80.142.150.0/24,1
191.36.149.0/24,1
190.106.131.0/24,1
112.121.161.0/24,1
122.190.84.0/24,1
77.159.131.0/24,1
73.161.145.0/24,1
141.164.63.0/24,1
61.253.204.0/24,1
60.86.146.0/24,1
200.72.43.0/24,1
76.30.29.0/24,1
83.37.4.0/24,1
121.188.174.0/24,1
121.132.133.0/24,1
154.38.92.0/24,1
83.142.146.0/24,1
119.112.202.0/24,1
14.193.160.0/24,1
77.35.206.0/24,1
190.203.216.0/24,1
1.220.223.0/24,1
124.49.160.0/24,1
187.209.18.0/24,1
179.189.202.0/24,1
83.14.199.0/24,1
186.242.82.0/24,1
87.214.145.0/24,1
36.158.211.0/24,1
14.51.29.0/24,1
23.40.46.0/24,1
14.74.137.0/24,1
112.240.225.0/24,1
42.124.250.0/24,1
82.77.144.0/24,1
68.109.228.0/24,1
27.92.122.0/24,1
188.154.226.0/24,1
71.206.108.0/24,1
200.53.0.0/24,1
189.70.81.0/24,1
34.210.231.0/24,1
68.206.252.0/24,1
71.187.2.0/24,1
113.237.181.0/24,1
50.120.2.0/24,1
219.156.197.0/24,1
155.94.201.0/24,1
104.175.44.0/24,1
180.101.236.0/24,1
152.168.1.0/24,1
35.192.215.0/24,1
68.200.228.0/24,1
173.75.229.0/24,1
208.167.245.0/24,1
92.46.105.0/24,1
100.36.141.0/24,1
77.189.176.0/24,1
110.136.199.0/24,1
86.100.110.0/24,1
172.125.148.0/24,1
2.83.97.0/24,1
37.138.110.0/24,1
87.27.36.0/24,1
124.128.215.0/24,1
117.68.184.0/24,1
83.177.249.0/24,1
73.212.21.0/24,1
218.236.121.0/24,1
80.44.125.0/24,1
27.194.79.0/24,1
79.24.196.0/24,1
111.192.20.0/24,1
74.108.230.0/24,1
42.119.43.0/24,1
116.44.115.0/24,1
141.134.189.0/24,1
14.43.228.0/24,1
185.78.47.0/24,1
189.146.166.0/24,1
184.13.128.0/24,1
185.63.131.0/24,1
92.124.77.0/24,1
187.208.138.0/24,1
64.154.10.0/24,1
80.211.114.0/24,1
173.207.9.0/24,1
34.102.226.0/24,1
38.238.150.0/24,1
173.35.208.0/24,1
187.6.132.0/24,1
73.167.1.0/24,1
203.215.62.0/24,1
84.179.18.0/24,1
154.198.220.0/24,1
24.19.41.0/24,1
23.111.145.0/24,1
64.112.236.0/24,1
98.212.167.0/24,1
5.35.58.0/24,1
76.154.100.0/24,1
97.115.153.0/24,1
42.178.153.0/24,1
73.245.194.0/24,1
150.109.248.0/24,1
94.4.30.0/24,1
72.190.59.0/24,1
35.226.172.0/24,1
83.47.26.0/24,1
71.40.95.0/24,1
108.20.1.0/24,1
49.25.61.0/24,1
68.43.205.0/24,1
112.192.131.0/24,1
107.84.241.0/24,1
204.98.105.0/24,1
51.210.20.0/24,1
14.105.160.0/24,1
73.75.185.0/24,1
77.77.169.0/24,1
167.71.199.0/24,1
189.252.185.0/24,1
47.188.71.0/24,1
77.132.110.0/24,1
68.44.79.0/24,1
113.180.132.0/24,1
94.218.212.0/24,1
104.85.156.0/24,1
166.142.254.0/24,1
78.88.130.0/24,1
113.98.160.0/24,1
2.216.41.0/24,1
14.82.236.0/24,1
220.80.83.0/24,1
79.115.183.0/24,1
74.98.1.0/24,1
67.166.233.0/24,1
78.119.126.0/24,1
180.68.49.0/24,1
86.127.0.0/24,1
24.254.235.0/24,1
38.240.35.0/24,1
100.7.20.0/24,1
41.78.78.0/24,1
36.4.247.0/24,1
73.191.172.0/24,1
112.246.153.0/24,1
94.110.153.0/24,1
217.170.23.0/24,1
67.184.120.0/24,1
99.175.12.0/24,1
123.20.48.0/24,1
73.245.170.0/24,1
201.50.147.0/24,1
220.65.17.0/24,1
175.24.17.0/24,1
180.180.134.0/24,1
20.119.91.0/24,1
173.63.177.0/24,1
84.62.171.0/24,1
90.196.170.0/24,1
185.162.94.0/24,1
175.143.88.0/24,1
72.200.70.0/24,1
80.201.72.0/24,1
79.45.242.0/24,1
45.60.195.0/24,1
199.196.10.0/24,1
1.84.73.0/24,1
91.239.67.0/24,1
87.21.210.0/24,1
211.205.228.0/24,1
49.59.30.0/24,1
187.155.193.0/24,1
220.116.116.0/24,1
210.12.42.0/24,1
221.222.57.0/24,1
73.155.11.0/24,1
223.111.118.0/24,1
123.5.33.0/24,1
98.35.218.0/24,1
83.84.21.0/24,1
54.90.60.0/24,1
39.67.234.0/24,1
183.103.149.0/24,1
119.221.218.0/24,1
14.69.103.0/24,1
73.163.192.0/24,1
107.2.148.0/24,1
206.255.112.0/24,1
112.120.29.0/24,1
73.231.80.0/24,1
218.255.234.0/24,1
91.189.227.0/24,1
68.174.59.0/24,1
181.64.214.0/24,1
73.45.160.0/24,1
94.1.178.0/24,1
98.153.29.0/24,1
124.50.116.0/24,1
87.64.183.0/24,1
154.14.0.0/24,1
27.151.151.0/24,1
221.1.42.0/24,1
93.196.57.0/24,1
112.214.234.0/24,1
95.56.37.0/24,1
191.188.242.0/24,1
69.92.19.0/24,1
70.132.13.0/24,1
79.23.215.0/24,1
222.104.10.0/24,1
124.253.99.0/24,1
46.97.144.0/24,1
201.105.104.0/24,1
189.226.169.0/24,1
210.249.139.0/24,1
14.75.193.0/24,1
97.105.88.0/24,1
221.147.76.0/24,1
99.247.207.0/24,1
218.154.48.0/24,1
178.220.228.0/24,1
181.20.137.0/24,1
77.85.63.0/24,1
69.248.109.0/24,1
94.214.46.0/24,1
191.101.164.0/24,1
222.98.192.0/24,1
92.105.128.0/24,1
223.133.102.0/24,1
50.193.124.0/24,1
23.73.48.0/24,1
222.135.58.0/24,1
123.12.37.0/24,1
152.170.137.0/24,1
209.104.192.0/24,1
178.163.80.0/24,1
69.133.52.0/24,1
124.167.42.0/24,1
107.179.7.0/24,1
66.7.223.0/24,1
75.141.151.0/24,1
189.139.36.0/24,1
45.174.233.0/24,1
84.173.61.0/24,1
50.37.183.0/24,1
153.120.171.0/24,1
74.70.224.0/24,1
74.134.86.0/24,1
217.63.3.0/24,1
60.68.170.0/24,1
217.171.85.0/24,1
106.246.116.0/24,1
91.197.227.0/24,1
87.163.42.0/24,1
211.46.182.0/24,1
79.134.155.0/24,1
36.138.226.0/24,1
72.182.204.0/24,1
211.186.85.0/24,1
123.132.46.0/24,1
23.56.158.0/24,1
188.154.205.0/24,1
112.149.222.0/24,1
59.52.78.0/24,1
221.156.231.0/24,1
70.160.28.0/24,1
94.13.41.0/24,1
217.136.126.0/24,1
34.121.5.0/24,1
97.101.129.0/24,1
89.1.201.0/24,1
60.152.249.0/24,1
210.223.188.0/24,1
79.19.140.0/24,1
60.5.149.0/24,1
27.39.193.0/24,1
73.13.115.0/24,1
47.145.103.0/24,1
119.117.16.0/24,1
188.97.172.0/24,1
211.107.4.0/24,1
60.242.51.0/24,1
31.153.30.0/24,1
27.110.50.0/24,1
186.128.137.0/24,1
177.81.144.0/24,1
83.137.41.0/24,1
179.198.64.0/24,1
34.101.249.0/24,1
89.240.98.0/24,1
123.148.133.0/24,1
122.168.93.0/24,1
81.22.19.0/24,1
211.168.205.0/24,1
177.129.242.0/24,1
184.89.252.0/24,1
122.44.131.0/24,1
171.240.221.0/24,1
180.245.104.0/24,1
24.243.93.0/24,1
217.84.115.0/24,1
86.9.170.0/24,1
196.65.170.0/24,1
108.3.164.0/24,1
79.167.253.0/24,1
45.157.94.0/24,1
60.217.148.0/24,1
78.145.132.0/24,1
117.205.252.0/24,1
188.184.84.0/24,1
114.202.22.0/24,1
94.14.154.0/24,1
92.239.92.0/24,1
116.121.75.0/24,1
208.93.126.0/24,1
46.98.193.0/24,1
37.159.227.0/24,1
116.75.207.0/24,1
98.196.52.0/24,1
220.135.186.0/24,1
122.156.38.0/24,1
71.31.77.0/24,1
177.173.210.0/24,1
189.202.244.0/24,1
179.190.242.0/24,1
113.239.70.0/24,1
8.43.52.0/24,1
218.237.218.0/24,1
75.188.116.0/24,1
98.250.199.0/24,1
68.97.103.0/24,1
78.20.117.0/24,1
104.221.50.0/24,1
27.4.6.0/24,1
125.190.76.0/24,1
24.102.135.0/24,1
63.141.19.0/24,1
181.218.146.0/24,1
109.17.185.0/24,1
92.232.156.0/24,1
80.112.95.0/24,1
2.104.152.0/24,1
84.253.109.0/24,1
221.162.88.0/24,1
175.226.140.0/24,1
78.55.125.0/24,1
117.80.188.0/24,1
155.159.139.0/24,1
125.40.168.0/24,1
85.173.95.0/24,1
91.130.31.0/24,1
134.255.57.0/24,1
151.106.146.0/24,1
76.31.185.0/24,1
88.10.144.0/24,1
179.55.119.0/24,1
50.110.249.0/24,1
98.35.157.0/24,1
80.44.114.0/24,1
42.227.239.0/24,1
90.232.45.0/24,1
86.10.77.0/24,1
174.90.206.0/24,1
185.233.82.0/24,1
178.184.29.0/24,1
42.238.137.0/24,1
190.144.4.0/24,1
85.29.123.0/24,1
118.45.165.0/24,1
149.86.98.0/24,1
119.100.97.0/24,1
219.91.107.0/24,1
220.79.54.0/24,1
123.156.179.0/24,1
39.171.180.0/24,1
122.36.88.0/24,1
139.186.154.0/24,1
45.186.86.0/24,1
171.8.38.0/24,1
73.255.146.0/24,1
73.152.75.0/24,1
79.197.183.0/24,1
110.159.108.0/24,1
81.107.145.0/24,1
173.30.145.0/24,1
179.66.223.0/24,1
154.16.40.0/24,1
39.79.114.0/24,1
91.82.191.0/24,1
38.130.182.0/24,1
73.122.172.0/24,1
96.6.28.0/24,1
80.149.22.0/24,1
47.21.76.0/24,1
208.69.83.0/24,1
114.40.56.0/24,1
200.73.210.0/24,1
90.220.101.0/24,1
85.92.103.0/24,1
172.247.108.0/24,1
184.61.127.0/24,1
109.21.193.0/24,1
175.225.206.0/24,1
126.34.245.0/24,1
90.200.163.0/24,1
192.0.101.0/24,1
96.255.247.0/24,1
221.148.2.0/24,1
180.68.80.0/24,1
60.208.219.0/24,1
84.6.93.0/24,1
118.72.133.0/24,1
108.176.2.0/24,1
108.25.78.0/24,1
108.45.48.0/24,1
69.164.44.0/24,1
95.31.87.0/24,1
106.214.77.0/24,1
73.186.146.0/24,1
85.69.135.0/24,1
68.191.209.0/24,1
183.122.67.0/24,1
104.82.80.0/24,1
12.133.218.0/24,1
71.227.178.0/24,1
65.9.165.0/24,1
83.33.127.0/24,1
68.229.249.0/24,1
123.252.45.0/24,1
93.12.100.0/24,1
98.15.226.0/24,1
91.226.228.0/24,1
61.52.168.0/24,1
185.220.224.0/24,1
154.246.123.0/24,1
126.34.250.0/24,1
104.216.207.0/24,1
81.149.217.0/24,1
5.13.10.0/24,1
14.80.94.0/24,1
188.17.20.0/24,1
79.215.48.0/24,1
99.229.225.0/24,1
49.26.221.0/24,1
5.30.219.0/24,1
81.61.48.0/24,1
36.70.38.0/24,1
39.70.86.0/24,1
199.47.186.0/24,1
119.249.209.0/24,1
47.32.163.0/24,1
180.230.83.0/24,1
3.234.42.0/24,1
27.239.13.0/24,1
68.3.230.0/24,1
150.238.134.0/24,1
186.136.44.0/24,1
51.178.106.0/24,1
46.105.112.0/24,1
203.117.35.0/24,1
65.27.238.0/24,1
75.187.133.0/24,1
111.196.57.0/24,1
67.85.23.0/24,1
115.161.76.0/24,1
81.243.208.0/24,1
175.244.59.0/24,1
180.254.85.0/24,1
114.243.169.0/24,1
99.231.233.0/24,1
128.14.54.0/24,1
82.83.210.0/24,1
77.153.49.0/24,1
222.237.187.0/24,1
187.189.223.0/24,1
220.88.120.0/24,1
182.217.17.0/24,1
176.221.178.0/24,1
67.183.224.0/24,1
62.157.65.0/24,1
79.3.219.0/24,1
79.255.100.0/24,1
73.118.148.0/24,1
193.108.207.0/24,1
60.19.114.0/24,1
91.96.4.0/24,1
47.6.15.0/24,1
112.171.184.0/24,1
175.212.91.0/24,1
187.208.243.0/24,1
60.27.187.0/24,1
116.100.74.0/24,1
84.146.23.0/24,1
138.68.110.0/24,1
122.53.100.0/24,1
96.33.129.0/24,1
119.5.54.0/24,1
27.5.217.0/24,1
24.43.157.0/24,1
50.231.234.0/24,1
171.232.84.0/24,1
24.18.48.0/24,1
64.37.236.0/24,1
98.213.97.0/24,1
71.194.89.0/24,1
92.15.94.0/24,1
189.242.87.0/24,1
151.75.243.0/24,1
77.185.69.0/24,1
5.75.244.0/24,1
117.69.199.0/24,1
210.222.109.0/24,1
175.224.13.0/24,1
174.16.132.0/24,1
23.78.7.0/24,1
113.165.26.0/24,1
75.151.11.0/24,1
118.166.204.0/24,1
173.82.31.0/24,1
175.166.0.0/24,1
115.3.116.0/24,1
92.19.20.0/24,1
67.248.153.0/24,1
187.54.202.0/24,1
81.45.45.0/24,1
39.75.27.0/24,1
149.233.153.0/24,1
218.93.248.0/24,1
94.227.164.0/24,1
173.25.16.0/24,1
73.124.150.0/24,1
213.6.33.0/24,1
93.201.227.0/24,1
83.59.211.0/24,1
14.87.87.0/24,1
189.59.9.0/24,1
173.73.151.0/24,1
106.249.165.0/24,1
173.22.194.0/24,1
112.147.59.0/24,1
204.52.109.0/24,1
61.82.120.0/24,1
189.230.94.0/24,1
109.165.197.0/24,1
116.40.117.0/24,1
99.93.61.0/24,1
23.32.101.0/24,1
84.57.120.0/24,1
223.19.86.0/24,1
211.184.115.0/24,1
176.25.12.0/24,1
73.113.41.0/24,1
211.176.111.0/24,1
116.110.184.0/24,1
197.159.90.0/24,1
73.240.222.0/24,1
149.28.179.0/24,1
73.83.8.0/24,1
50.63.76.0/24,1
108.251.153.0/24,1
99.242.167.0/24,1
109.129.36.0/24,1
72.69.2.0/24,1
211.192.53.0/24,1
60.115.125.0/24,1
68.104.119.0/24,1
79.42.179.0/24,1
113.224.181.0/24,1
70.93.87.0/24,1
116.64.131.0/24,1
117.24.58.0/24,1
35.81.105.0/24,1
60.109.32.0/24,1
70.183.5.0/24,1
126.217.55.0/24,1
154.60.68.0/24,1
173.168.68.0/24,1
101.72.67.0/24,1
2.244.53.0/24,1
34.116.44.0/24,1
64.35.199.0/24,1
173.238.85.0/24,1
89.157.52.0/24,1
88.8.115.0/24,1
73.137.247.0/24,1
188.126.22.0/24,1
219.249.237.0/24,1
83.34.56.0/24,1
118.208.208.0/24,1
14.138.192.0/24,1
79.55.189.0/24,1
49.48.183.0/24,1
181.215.115.0/24,1
69.243.64.0/24,1
27.57.89.0/24,1
68.202.115.0/24,1
58.141.96.0/24,1
64.33.50.0/24,1
99.242.176.0/24,1
206.47.81.0/24,1
183.92.5.0/24,1
91.39.225.0/24,1
89.28.4.0/24,1
124.57.92.0/24,1
191.199.173.0/24,1
14.93.54.0/24,1
178.71.159.0/24,1
82.155.93.0/24,1
77.82.161.0/24,1
34.27.43.0/24,1
1.201.147.0/24,1
218.155.195.0/24,1
78.18.189.0/24,1
86.74.34.0/24,1
122.13.16.0/24,1
201.94.228.0/24,1
208.76.170.0/24,1
123.194.215.0/24,1
24.4.249.0/24,1
211.211.219.0/24,1
125.27.152.0/24,1
96.243.28.0/24,1
77.1.34.0/24,1
112.98.248.0/24,1
69.136.175.0/24,1
220.174.197.0/24,1
60.205.195.0/24,1
64.34.204.0/24,1
195.80.163.0/24,1
14.57.100.0/24,1
76.150.124.0/24,1
73.232.136.0/24,1
139.162.232.0/24,1
67.248.40.0/24,1
147.251.242.0/24,1
177.203.168.0/24,1
114.205.100.0/24,1
73.113.90.0/24,1
96.73.219.0/24,1
161.77.196.0/24,1
95.112.126.0/24,1
86.58.99.0/24,1
222.136.76.0/24,1
122.237.88.0/24,1
58.122.16.0/24,1
218.238.186.0/24,1
150.117.39.0/24,1
195.147.242.0/24,1
193.151.97.0/24,1
94.214.171.0/24,1
110.227.128.0/24,1
1.238.135.0/24,1
68.142.176.0/24,1
66.131.171.0/24,1
58.233.20.0/24,1
2.23.9.0/24,1
163.229.14.0/24,1
24.24.164.0/24,1
83.44.121.0/24,1
98.226.47.0/24,1
81.33.69.0/24,1
83.37.130.0/24,1
124.222.1.0/24,1
92.63.96.0/24,1
175.114.231.0/24,1
69.36.164.0/24,1
77.6.102.0/24,1
175.147.159.0/24,1
100.35.216.0/24,1
18.200.36.0/24,1
161.77.90.0/24,1
175.105.10.0/24,1
91.181.79.0/24,1
115.12.68.0/24,1
5.21.57.0/24,1
180.228.167.0/24,1
39.111.96.0/24,1
189.138.121.0/24,1
73.139.37.0/24,1
37.23.199.0/24,1
161.156.188.0/24,1
172.90.35.0/24,1
125.104.42.0/24,1
98.24.110.0/24,1
207.194.65.0/24,1
2.153.91.0/24,1
49.65.127.0/24,1
171.242.74.0/24,1
58.121.187.0/24,1
72.194.113.0/24,1
212.53.143.0/24,1
98.232.85.0/24,1
42.103.4.0/24,1
216.131.21.0/24,1
116.122.246.0/24,1
187.137.196.0/24,1
118.23.14.0/24,1
69.250.67.0/24,1
47.154.190.0/24,1
117.241.180.0/24,1
68.185.187.0/24,1
84.27.176.0/24,1
98.172.48.0/24,1
68.48.88.0/24,1
72.76.103.0/24,1
173.18.248.0/24,1
192.151.248.0/24,1
23.79.223.0/24,1
27.63.227.0/24,1
68.203.8.0/24,1
36.38.193.0/24,1
154.29.217.0/24,1
197.232.88.0/24,1
197.12.65.0/24,1
73.220.20.0/24,1
18.154.222.0/24,1
117.89.110.0/24,1
34.28.149.0/24,1
172.223.17.0/24,1
47.216.57.0/24,1
103.225.151.0/24,1
98.185.181.0/24,1
203.119.151.0/24,1
178.234.86.0/24,1
46.245.46.0/24,1
113.6.35.0/24,1
115.163.93.0/24,1
73.224.101.0/24,1
24.6.34.0/24,1
204.112.202.0/24,1
126.54.150.0/24,1
93.4.57.0/24,1
82.8.29.0/24,1
82.20.44.0/24,1
128.104.94.0/24,1
24.2.121.0/24,1
65.8.102.0/24,1
202.99.156.0/24,1
218.0.252.0/24,1
72.180.34.0/24,1
104.18.76.0/24,1
87.14.49.0/24,1
122.140.181.0/24,1
70.106.249.0/24,1
190.64.197.0/24,1
147.47.15.0/24,1
112.33.111.0/24,1
94.194.166.0/24,1
124.56.219.0/24,1
47.39.41.0/24,1
81.65.23.0/24,1
98.201.173.0/24,1
91.235.140.0/24,1
73.18.156.0/24,1
104.251.33.0/24,1
178.57.52.0/24,1
117.213.170.0/24,1
85.116.26.0/24,1
171.126.167.0/24,1
167.235.78.0/24,1
105.98.86.0/24,1
49.62.2.0/24,1
201.159.178.0/24,1
178.237.189.0/24,1
176.202.63.0/24,1
171.229.222.0/24,1
223.19.75.0/24,1
27.193.216.0/24,1
187.145.119.0/24,1
91.96.98.0/24,1
41.107.35.0/24,1
133.125.47.0/24,1
183.146.42.0/24,1
126.220.107.0/24,1
81.165.244.0/24,1
124.53.243.0/24,1
27.216.88.0/24,1
60.128.140.0/24,1
122.42.1.0/24,1
1.210.140.0/24,1
122.157.224.0/24,1
75.139.146.0/24,1
178.59.48.0/24,1
94.228.11.0/24,1
35.190.210.0/24,1
78.202.242.0/24,1
2.83.162.0/24,1
96.239.63.0/24,1
194.226.157.0/24,1
79.118.124.0/24,1
2.18.168.0/24,1
181.15.32.0/24,1
50.210.199.0/24,1
124.170.50.0/24,1
218.197.143.0/24,1
51.183.80.0/24,1
115.76.233.0/24,1
63.225.186.0/24,1
79.241.181.0/24,1
68.103.76.0/24,1
186.226.174.0/24,1
183.127.134.0/24,1
14.69.93.0/24,1
89.165.155.0/24,1
188.240.52.0/24,1
2.125.81.0/24,1
189.224.89.0/24,1
117.5.73.0/24,1
115.215.254.0/24,1
72.13.116.0/24,1
98.17.217.0/24,1
75.90.118.0/24,1
221.156.60.0/24,1
130.248.158.0/24,1
69.42.82.0/24,1
185.180.91.0/24,1
47.184.68.0/24,1
118.54.51.0/24,1
175.125.122.0/24,1
2.122.63.0/24,1
77.3.81.0/24,1
118.63.183.0/24,1
119.91.207.0/24,1
107.184.15.0/24,1
217.230.103.0/24,1
112.204.214.0/24,1
126.55.226.0/24,1
89.241.254.0/24,1
192.166.42.0/24,1
73.151.241.0/24,1
94.12.77.0/24,1
174.59.64.0/24,1
130.183.34.0/24,1
109.238.32.0/24,1
178.205.252.0/24,1
124.169.97.0/24,1
112.244.157.0/24,1
104.73.23.0/24,1
90.254.231.0/24,1
72.69.210.0/24,1
73.126.109.0/24,1
118.220.106.0/24,1
112.244.244.0/24,1
91.47.191.0/24,1
108.35.3.0/24,1
85.132.152.0/24,1
92.78.167.0/24,1
58.40.117.0/24,1
189.112.66.0/24,1
73.218.87.0/24,1
96.90.23.0/24,1
71.187.44.0/24,1
110.51.130.0/24,1
182.115.21.0/24,1
110.231.214.0/24,1
210.162.170.0/24,1
108.20.142.0/24,1
218.237.203.0/24,1
100.1.172.0/24,1
185.193.118.0/24,1
27.198.144.0/24,1
87.65.127.0/24,1
100.6.112.0/24,1
109.22.196.0/24,1
14.49.83.0/24,1
117.0.53.0/24,1
1.219.254.0/24,1
61.83.42.0/24,1
180.35.6.0/24,1
64.35.124.0/24,1
2.133.208.0/24,1
195.24.129.0/24,1
84.63.135.0/24,1
189.131.143.0/24,1
41.97.117.0/24,1
178.85.252.0/24,1
115.3.51.0/24,1
121.176.8.0/24,1
171.252.97.0/24,1
77.99.83.0/24,1
121.120.240.0/24,1
78.231.205.0/24,1
23.240.88.0/24,1
112.236.174.0/24,1
71.171.92.0/24,1
213.49.247.0/24,1
139.135.241.0/24,1
84.239.39.0/24,1
20.51.114.0/24,1
74.103.216.0/24,1
77.189.153.0/24,1
121.235.89.0/24,1
73.181.57.0/24,1
190.207.117.0/24,1
175.22.108.0/24,1
34.89.135.0/24,1
85.12.240.0/24,1
173.32.248.0/24,1
176.78.219.0/24,1
89.229.190.0/24,1
101.53.248.0/24,1
174.116.45.0/24,1
77.106.5.0/24,1
115.3.59.0/24,1
178.39.63.0/24,1
40.131.167.0/24,1
106.217.116.0/24,1
35.137.88.0/24,1
111.177.71.0/24,1
119.54.178.0/24,1
130.204.98.0/24,1
5.65.119.0/24,1
181.116.81.0/24,1
167.99.244.0/24,1
119.14.17.0/24,1
145.253.97.0/24,1
212.239.216.0/24,1
171.246.216.0/24,1
75.89.187.0/24,1
52.49.113.0/24,1
40.138.34.0/24,1
60.176.223.0/24,1
116.193.64.0/24,1
71.10.118.0/24,1
73.9.191.0/24,1
76.129.160.0/24,1
122.163.55.0/24,1
23.9.16.0/24,1
104.24.251.0/24,1
76.128.76.0/24,1
46.5.150.0/24,1
178.10.245.0/24,1
92.245.50.0/24,1
84.142.109.0/24,1
223.221.192.0/24,1
192.210.243.0/24,1
77.250.63.0/24,1
195.66.28.0/24,1
42.200.167.0/24,1
184.29.225.0/24,1
202.223.88.0/24,1
189.12.151.0/24,1
110.241.172.0/24,1
122.137.126.0/24,1
77.144.62.0/24,1
58.232.172.0/24,1
24.28.39.0/24,1
68.181.90.0/24,1
67.191.41.0/24,1
73.51.17.0/24,1
123.155.67.0/24,1
123.209.67.0/24,1
171.124.50.0/24,1
73.129.137.0/24,1
59.20.78.0/24,1
37.143.55.0/24,1
174.164.35.0/24,1
95.179.61.0/24,1
84.242.49.0/24,1
123.141.244.0/24,1
68.58.106.0/24,1
188.60.64.0/24,1
81.36.70.0/24,1
115.6.251.0/24,1
84.63.140.0/24,1
187.140.31.0/24,1
24.57.141.0/24,1
39.60.86.0/24,1
47.190.53.0/24,1
194.190.62.0/24,1
210.188.90.0/24,1
103.208.27.0/24,1
212.59.77.0/24,1
71.168.224.0/24,1
124.50.153.0/24,1
157.231.58.0/24,1
109.194.117.0/24,1
94.237.59.0/24,1
153.122.35.0/24,1
200.131.184.0/24,1
1.219.179.0/24,1
184.99.132.0/24,1
113.232.158.0/24,1
85.174.52.0/24,1
104.34.221.0/24,1
110.138.126.0/24,1
98.205.247.0/24,1
156.245.42.0/24,1
178.194.153.0/24,1
31.63.35.0/24,1
5.63.61.0/24,1
83.51.107.0/24,1
150.255.136.0/24,1
124.63.31.0/24,1
94.15.114.0/24,1
112.22.185.0/24,1
71.9.179.0/24,1
43.92.138.0/24,1
94.202.66.0/24,1
141.195.80.0/24,1
89.161.189.0/24,1
98.118.0.0/24,1
23.7.55.0/24,1
85.136.246.0/24,1
78.96.125.0/24,1
82.18.175.0/24,1
81.135.236.0/24,1
108.168.66.0/24,1
126.220.55.0/24,1
121.19.120.0/24,1
31.147.204.0/24,1
122.10.69.0/24,1
50.63.119.0/24,1
221.205.81.0/24,1
90.207.164.0/24,1
78.198.250.0/24,1
71.212.120.0/24,1
175.119.218.0/24,1
138.19.21.0/24,1
187.172.52.0/24,1
45.170.130.0/24,1
74.136.37.0/24,1
113.103.211.0/24,1
51.194.118.0/24,1
190.98.248.0/24,1
79.20.79.0/24,1
51.198.202.0/24,1
79.116.12.0/24,1
90.117.73.0/24,1
91.177.10.0/24,1
75.165.238.0/24,1
201.78.62.0/24,1
138.68.95.0/24,1
179.190.250.0/24,1
46.139.116.0/24,1
121.125.84.0/24,1
124.158.191.0/24,1
23.46.252.0/24,1
35.176.185.0/24,1
142.93.209.0/24,1
183.100.241.0/24,1
47.96.236.0/24,1
98.219.17.0/24,1
92.237.180.0/24,1
113.0.98.0/24,1
12.5.117.0/24,1
191.209.217.0/24,1
14.7.181.0/24,1
95.106.223.0/24,1
176.100.168.0/24,1
182.79.79.0/24,1
98.118.129.0/24,1
187.132.212.0/24,1
83.57.201.0/24,1
188.176.201.0/24,1
128.177.119.0/24,1
112.247.10.0/24,1
79.151.161.0/24,1
41.225.13.0/24,1
67.186.186.0/24,1
174.64.178.0/24,1
36.249.192.0/24,1
200.84.4.0/24,1
159.148.58.0/24,1
172.77.118.0/24,1
1.234.132.0/24,1
94.174.49.0/24,1
172.116.78.0/24,1
193.229.29.0/24,1
110.193.76.0/24,1
107.145.214.0/24,1
103.197.145.0/24,1
2.190.23.0/24,1
188.35.21.0/24,1
176.109.186.0/24,1
14.231.120.0/24,1
60.127.52.0/24,1
90.151.235.0/24,1
15.197.172.0/24,1
74.123.33.0/24,1
95.168.235.0/24,1
94.224.253.0/24,1
50.88.145.0/24,1
114.34.184.0/24,1
42.58.47.0/24,1
78.228.41.0/24,1
212.35.228.0/24,1
182.161.64.0/24,1
180.68.71.0/24,1
172.104.187.0/24,1
104.102.124.0/24,1
95.248.187.0/24,1
70.67.4.0/24,1
143.0.155.0/24,1
109.172.112.0/24,1
66.3.168.0/24,1
197.206.93.0/24,1
97.101.196.0/24,1
185.72.12.0/24,1
174.58.109.0/24,1
116.34.35.0/24,1
107.151.125.0/24,1
143.110.230.0/24,1
124.195.247.0/24,1
93.161.51.0/24,1
223.204.190.0/24,1
113.52.122.0/24,1
133.18.51.0/24,1
216.92.103.0/24,1
120.82.226.0/24,1
89.42.213.0/24,1
80.139.141.0/24,1
95.102.168.0/24,1
213.254.66.0/24,1
104.90.203.0/24,1
122.142.193.0/24,1
90.179.71.0/24,1
153.184.3.0/24,1
71.235.30.0/24,1
67.241.128.0/24,1
171.253.122.0/24,1
74.110.180.0/24,1
73.142.128.0/24,1
91.176.104.0/24,1
173.54.157.0/24,1
184.102.106.0/24,1
89.233.223.0/24,1
78.115.181.0/24,1
68.203.139.0/24,1
68.106.169.0/24,1
104.21.107.0/24,1
2.244.63.0/24,1
114.33.216.0/24,1
112.160.253.0/24,1
115.3.253.0/24,1
115.192.48.0/24,1
73.200.52.0/24,1
182.227.208.0/24,1
73.116.133.0/24,1
190.7.49.0/24,1
218.50.128.0/24,1
72.199.154.0/24,1
98.155.215.0/24,1
67.58.202.0/24,1
66.215.174.0/24,1
125.176.143.0/24,1
83.99.13.0/24,1
93.76.65.0/24,1
64.22.182.0/24,1
24.162.107.0/24,1
125.185.77.0/24,1
177.50.196.0/24,1
147.251.232.0/24,1
159.183.201.0/24,1
108.188.65.0/24,1
122.142.161.0/24,1
202.184.140.0/24,1
221.218.233.0/24,1
36.72.32.0/24,1
183.113.63.0/24,1
139.216.77.0/24,1
160.86.97.0/24,1
97.115.164.0/24,1
59.82.67.0/24,1
154.63.130.0/24,1
96.227.210.0/24,1
95.249.110.0/24,1
211.216.113.0/24,1
23.94.63.0/24,1
24.52.169.0/24,1
38.117.116.0/24,1
24.147.100.0/24,1
104.21.97.0/24,1
222.162.248.0/24,1
108.61.235.0/24,1
62.210.129.0/24,1
72.167.107.0/24,1
217.103.235.0/24,1
31.11.94.0/24,1
124.227.102.0/24,1
94.255.236.0/24,1
185.129.9.0/24,1
84.55.64.0/24,1
47.200.152.0/24,1
182.253.122.0/24,1
37.204.22.0/24,1
198.15.173.0/24,1
221.124.25.0/24,1
160.124.107.0/24,1
126.150.141.0/24,1
203.63.15.0/24,1
115.9.33.0/24,1
73.224.28.0/24,1
184.31.59.0/24,1
178.218.247.0/24,1
68.145.173.0/24,1
73.185.142.0/24,1
194.17.25.0/24,1
119.216.81.0/24,1
116.209.177.0/24,1
195.225.90.0/24,1
174.51.191.0/24,1
117.82.194.0/24,1
46.254.24.0/24,1
76.124.69.0/24,1
148.72.81.0/24,1
87.80.210.0/24,1
87.9.34.0/24,1
85.3.220.0/24,1
125.166.222.0/24,1
1.85.106.0/24,1
174.51.195.0/24,1
193.26.154.0/24,1
182.37.71.0/24,1
85.83.243.0/24,1
129.215.215.0/24,1
109.16.240.0/24,1
78.105.242.0/24,1
14.61.17.0/24,1
154.7.240.0/24,1
212.231.227.0/24,1
125.182.212.0/24,1
202.126.57.0/24,1
5.12.136.0/24,1
167.250.41.0/24,1
41.15.250.0/24,1
185.81.167.0/24,1
213.37.49.0/24,1
61.224.216.0/24,1
187.132.221.0/24,1
87.64.51.0/24,1
194.163.6.0/24,1
188.129.177.0/24,1
92.203.146.0/24,1
208.123.158.0/24,1
183.179.50.0/24,1
193.35.7.0/24,1
188.104.241.0/24,1
189.136.62.0/24,1
118.150.124.0/24,1
101.201.160.0/24,1
61.158.73.0/24,1
13.33.138.0/24,1
89.69.207.0/24,1
39.70.168.0/24,1
154.91.65.0/24,1
123.184.28.0/24,1
181.165.205.0/24,1
76.17.52.0/24,1
212.236.72.0/24,1
92.210.247.0/24,1
75.181.199.0/24,1
80.180.92.0/24,1
217.88.117.0/24,1
23.56.124.0/24,1
86.25.118.0/24,1
176.254.166.0/24,1
94.74.132.0/24,1
216.74.71.0/24,1
73.244.53.0/24,1
119.91.63.0/24,1
112.182.249.0/24,1
37.59.184.0/24,1
60.135.182.0/24,1
97.104.167.0/24,1
119.215.166.0/24,1
113.248.126.0/24,1
2.219.226.0/24,1
221.166.127.0/24,1
153.92.208.0/24,1
183.126.110.0/24,1
125.156.241.0/24,1
120.204.230.0/24,1
93.171.71.0/24,1
24.91.231.0/24,1
123.15.165.0/24,1
61.42.203.0/24,1
98.204.2.0/24,1
27.12.115.0/24,1
34.80.4.0/24,1
64.222.221.0/24,1
125.243.142.0/24,1
113.230.94.0/24,1
180.108.38.0/24,1
79.108.150.0/24,1
81.104.255.0/24,1
94.31.48.0/24,1
46.35.186.0/24,1
89.31.25.0/24,1
112.193.116.0/24,1
190.112.77.0/24,1
184.59.214.0/24,1
171.112.8.0/24,1
124.52.77.0/24,1
213.143.154.0/24,1
93.119.55.0/24,1
125.186.207.0/24,1
193.32.232.0/24,1
138.3.217.0/24,1
116.43.86.0/24,1
76.26.91.0/24,1
66.173.122.0/24,1
171.41.128.0/24,1
94.3.70.0/24,1
119.74.116.0/24,1
95.58.84.0/24,1
73.88.118.0/24,1
156.250.152.0/24,1
120.10.187.0/24,1
91.139.111.0/24,1
83.221.80.0/24,1
78.22.232.0/24,1
8.134.50.0/24,1
111.170.181.0/24,1
104.116.192.0/24,1
39.98.62.0/24,1
173.27.234.0/24,1
212.142.73.0/24,1
81.165.45.0/24,1
124.112.198.0/24,1
14.247.16.0/24,1
97.121.215.0/24,1
188.213.219.0/24,1
67.186.233.0/24,1
190.107.174.0/24,1
72.201.160.0/24,1
124.155.153.0/24,1
44.225.57.0/24,1
203.125.153.0/24,1
98.180.116.0/24,1
125.27.63.0/24,1
116.138.228.0/24,1
185.69.253.0/24,1
94.243.235.0/24,1
72.130.66.0/24,1
65.132.65.0/24,1
112.255.126.0/24,1
155.186.20.0/24,1
211.38.72.0/24,1
121.146.215.0/24,1
200.127.225.0/24,1
158.36.92.0/24,1
23.50.57.0/24,1
77.235.160.0/24,1
122.136.18.0/24,1
218.145.194.0/24,1
73.5.29.0/24,1
108.28.10.0/24,1
110.137.89.0/24,1
104.148.23.0/24,1
2.205.182.0/24,1
188.125.149.0/24,1
1.229.154.0/24,1
189.245.30.0/24,1
34.142.127.0/24,1
42.119.203.0/24,1
2.124.140.0/24,1
80.79.251.0/24,1
36.56.0.0/24,1
66.108.24.0/24,1
151.210.114.0/24,1
96.242.56.0/24,1
210.205.87.0/24,1
114.232.1.0/24,1
79.40.21.0/24,1
187.199.196.0/24,1
118.217.5.0/24,1
107.163.147.0/24,1
70.173.63.0/24,1
38.26.218.0/24,1
187.170.86.0/24,1
23.192.76.0/24,1
67.21.82.0/24,1
79.155.165.0/24,1
27.209.124.0/24,1
179.130.95.0/24,1
188.194.194.0/24,1
211.202.111.0/24,1
76.88.254.0/24,1
142.197.240.0/24,1
71.69.78.0/24,1
34.125.119.0/24,1
114.38.67.0/24,1
221.198.95.0/24,1
97.99.204.0/24,1
100.14.221.0/24,1
79.55.167.0/24,1
195.181.135.0/24,1
196.1.29.0/24,1
73.116.68.0/24,1
91.218.229.0/24,1
70.80.61.0/24,1
93.208.134.0/24,1
71.50.47.0/24,1
130.194.12.0/24,1
45.236.117.0/24,1
76.128.36.0/24,1
202.107.97.0/24,1
114.245.157.0/24,1
65.100.136.0/24,1
83.89.13.0/24,1
37.78.208.0/24,1
119.189.102.0/24,1
119.120.222.0/24,1
115.152.170.0/24,1
63.152.65.0/24,1
189.15.166.0/24,1
79.156.129.0/24,1
115.77.122.0/24,1
176.29.85.0/24,1
218.58.148.0/24,1
73.195.54.0/24,1
178.38.161.0/24,1
36.2.123.0/24,1
98.46.82.0/24,1
139.208.119.0/24,1
79.94.81.0/24,1
58.244.134.0/24,1
177.124.15.0/24,1
65.133.106.0/24,1
80.180.43.0/24,1
98.247.80.0/24,1
217.76.140.0/24,1
88.24.107.0/24,1
107.186.52.0/24,1
75.113.151.0/24,1
189.41.92.0/24,1
73.131.52.0/24,1
187.15.69.0/24,1
137.118.82.0/24,1
189.152.161.0/24,1
108.62.204.0/24,1
89.216.102.0/24,1
23.9.201.0/24,1
182.65.30.0/24,1
174.0.57.0/24,1
183.124.214.0/24,1
115.50.2.0/24,1
189.222.29.0/24,1
14.54.194.0/24,1
14.65.71.0/24,1
76.88.255.0/24,1
182.126.97.0/24,1
67.171.204.0/24,1
92.117.5.0/24,1
23.205.78.0/24,1
77.174.45.0/24,1
122.202.158.0/24,1
112.194.136.0/24,1
72.18.96.0/24,1
124.196.10.0/24,1
67.61.94.0/24,1
104.32.60.0/24,1
23.200.176.0/24,1
123.252.22.0/24,1
23.2.167.0/24,1
1.205.228.0/24,1
201.4.207.0/24,1
176.74.93.0/24,1
23.202.93.0/24,1
159.192.156.0/24,1
70.123.46.0/24,1
180.65.203.0/24,1
2.207.30.0/24,1
125.213.134.0/24,1
90.222.41.0/24,1
108.48.151.0/24,1
59.50.50.0/24,1
170.39.203.0/24,1
183.136.219.0/24,1
39.86.126.0/24,1
80.181.154.0/24,1
110.241.68.0/24,1
173.48.90.0/24,1
45.162.21.0/24,1
178.185.22.0/24,1
91.46.31.0/24,1
87.166.10.0/24,1
81.191.6.0/24,1
223.28.42.0/24,1
96.83.9.0/24,1
73.202.234.0/24,1
12.161.55.0/24,1
2.124.111.0/24,1
188.12.181.0/24,1
32.141.155.0/24,1
73.26.151.0/24,1
86.21.20.0/24,1
124.56.151.0/24,1
153.215.41.0/24,1
94.4.208.0/24,1
5.142.148.0/24,1
207.60.57.0/24,1
115.86.172.0/24,1
173.185.134.0/24,1
68.58.86.0/24,1
223.149.159.0/24,1
73.22.23.0/24,1
88.116.134.0/24,1
116.108.46.0/24,1
82.27.244.0/24,1
212.95.186.0/24,1
52.29.208.0/24,1
58.246.100.0/24,1
113.249.49.0/24,1
24.198.104.0/24,1
60.113.117.0/24,1
24.128.72.0/24,1
23.76.41.0/24,1
187.149.2.0/24,1
50.33.245.0/24,1
75.161.152.0/24,1
77.13.150.0/24,1
75.81.59.0/24,1
223.226.22.0/24,1
69.11.192.0/24,1
81.165.177.0/24,1
75.65.208.0/24,1
31.28.80.0/24,1
112.238.58.0/24,1
27.13.83.0/24,1
185.136.186.0/24,1
192.181.80.0/24,1
24.213.106.0/24,1
100.0.48.0/24,1
94.193.50.0/24,1
174.138.173.0/24,1
96.7.147.0/24,1
92.219.164.0/24,1
95.33.56.0/24,1
45.201.227.0/24,1
219.70.73.0/24,1
77.99.112.0/24,1
187.139.244.0/24,1
121.239.159.0/24,1
95.114.77.0/24,1
108.5.192.0/24,1
91.82.133.0/24,1
97.111.193.0/24,1
171.248.41.0/24,1
105.209.34.0/24,1
110.9.207.0/24,1
27.13.106.0/24,1
35.198.157.0/24,1
185.7.124.0/24,1
71.187.229.0/24,1
100.2.64.0/24,1
223.111.16.0/24,1
23.203.52.0/24,1
172.116.29.0/24,1
188.225.78.0/24,1
115.134.137.0/24,1
182.54.8.0/24,1
210.123.105.0/24,1
216.66.109.0/24,1
68.56.205.0/24,1
74.59.120.0/24,1
87.183.126.0/24,1
20.122.188.0/24,1
23.208.11.0/24,1
125.229.42.0/24,1
13.249.196.0/24,1
52.7.131.0/24,1
45.253.139.0/24,1
181.174.174.0/24,1
66.176.102.0/24,1
162.73.148.0/24,1
126.88.235.0/24,1
69.207.42.0/24,1
14.42.142.0/24,1
114.207.135.0/24,1
176.85.59.0/24,1
73.94.179.0/24,1
109.95.237.0/24,1
99.155.241.0/24,1
167.99.126.0/24,1
94.130.18.0/24,1
27.4.121.0/24,1
153.92.191.0/24,1
98.181.102.0/24,1
45.63.17.0/24,1
88.21.21.0/24,1
174.26.75.0/24,1
80.180.50.0/24,1
109.247.56.0/24,1
98.32.52.0/24,1
177.202.38.0/24,1
186.220.52.0/24,1
93.104.79.0/24,1
177.69.64.0/24,1
189.175.208.0/24,1
193.92.39.0/24,1
47.36.31.0/24,1
118.41.2.0/24,1
219.152.39.0/24,1
95.128.243.0/24,1
64.66.127.0/24,1
94.212.176.0/24,1
76.118.98.0/24,1
172.247.180.0/24,1
73.121.226.0/24,1
112.183.40.0/24,1
78.127.140.0/24,1
62.250.161.0/24,1
86.108.124.0/24,1
42.224.143.0/24,1
88.113.229.0/24,1
23.218.141.0/24,1
123.191.54.0/24,1
81.164.250.0/24,1
104.95.240.0/24,1
79.152.33.0/24,1
76.127.207.0/24,1
121.6.23.0/24,1
74.102.254.0/24,1
121.153.80.0/24,1
121.234.47.0/24,1
104.25.82.0/24,1
108.31.43.0/24,1
12.116.246.0/24,1
221.155.210.0/24,1
51.75.49.0/24,1
58.222.190.0/24,1
71.47.237.0/24,1
97.77.44.0/24,1
174.160.62.0/24,1
172.116.14.0/24,1
107.9.176.0/24,1
68.35.63.0/24,1
222.100.66.0/24,1
50.38.210.0/24,1
180.83.104.0/24,1
114.160.83.0/24,1
92.200.195.0/24,1
45.60.87.0/24,1
179.60.229.0/24,1
102.119.4.0/24,1
85.255.41.0/24,1
84.100.65.0/24,1
103.10.99.0/24,1
12.90.255.0/24,1
31.220.69.0/24,1
5.62.126.0/24,1
60.187.224.0/24,1
222.127.158.0/24,1
121.129.201.0/24,1
189.181.208.0/24,1
98.58.23.0/24,1
156.244.7.0/24,1
172.121.19.0/24,1
20.24.201.0/24,1
27.74.70.0/24,1
121.7.239.0/24,1
123.174.176.0/24,1
2.236.228.0/24,1
67.165.141.0/24,1
23.0.187.0/24,1
82.18.163.0/24,1
168.151.147.0/24,1
204.12.68.0/24,1
2.203.94.0/24,1
106.85.21.0/24,1
187.175.45.0/24,1
171.125.72.0/24,1
77.249.170.0/24,1
175.172.227.0/24,1
1.234.142.0/24,1
27.12.152.0/24,1
24.26.1.0/24,1
78.122.249.0/24,1
211.213.84.0/24,1
111.6.106.0/24,1
195.178.103.0/24,1
162.214.170.0/24,1
27.4.218.0/24,1
118.56.253.0/24,1
203.214.159.0/24,1
74.128.207.0/24,1
183.181.2.0/24,1
49.175.19.0/24,1
171.4.180.0/24,1
81.48.10.0/24,1
13.227.252.0/24,1
118.189.87.0/24,1
173.48.201.0/24,1
121.155.79.0/24,1
182.31.53.0/24,1
81.164.16.0/24,1
221.159.113.0/24,1
71.201.185.0/24,1
103.151.217.0/24,1
73.134.139.0/24,1
125.227.225.0/24,1
79.205.158.0/24,1
189.159.160.0/24,1
191.220.20.0/24,1
61.141.0.0/24,1
67.171.84.0/24,1
207.180.228.0/24,1
91.176.2.0/24,1
45.33.78.0/24,1
97.124.248.0/24,1
175.23.248.0/24,1
124.183.17.0/24,1
68.113.230.0/24,1
61.84.105.0/24,1
114.245.151.0/24,1
77.120.221.0/24,1
60.144.20.0/24,1
23.195.56.0/24,1
67.205.158.0/24,1
146.4.94.0/24,1
35.129.84.0/24,1
84.114.43.0/24,1
125.162.192.0/24,1
23.55.69.0/24,1
125.242.37.0/24,1
187.214.74.0/24,1
186.125.19.0/24,1
145.255.42.0/24,1
36.7.225.0/24,1
185.185.34.0/24,1
79.47.51.0/24,1
213.190.29.0/24,1
121.141.155.0/24,1
78.186.149.0/24,1
45.170.173.0/24,1
69.254.210.0/24,1
105.110.160.0/24,1
203.63.24.0/24,1
104.244.230.0/24,1
108.166.200.0/24,1
104.104.46.0/24,1
196.74.117.0/24,1
112.161.196.0/24,1
94.221.123.0/24,1
14.91.53.0/24,1
89.183.87.0/24,1
179.230.169.0/24,1
197.188.196.0/24,1
154.127.246.0/24,1
91.247.89.0/24,1
82.54.252.0/24,1
112.187.42.0/24,1
188.96.239.0/24,1
121.173.145.0/24,1
206.189.183.0/24,1
221.145.120.0/24,1
221.0.64.0/24,1
206.124.202.0/24,1
221.10.205.0/24,1
166.255.22.0/24,1
98.228.197.0/24,1
71.246.214.0/24,1
109.206.244.0/24,1
65.9.169.0/24,1
39.113.39.0/24,1
78.42.214.0/24,1
71.198.58.0/24,1
119.218.184.0/24,1
175.205.28.0/24,1
115.49.249.0/24,1
195.191.214.0/24,1
180.252.71.0/24,1
98.122.197.0/24,1
149.18.125.0/24,1
59.12.244.0/24,1
39.123.239.0/24,1
88.6.78.0/24,1
80.254.22.0/24,1
14.247.185.0/24,1
78.92.190.0/24,1
101.69.51.0/24,1
77.22.2.0/24,1
31.217.14.0/24,1
185.88.145.0/24,1
125.187.178.0/24,1
203.204.117.0/24,1
67.176.120.0/24,1
83.44.206.0/24,1
35.134.15.0/24,1
61.80.64.0/24,1
138.229.132.0/24,1
183.100.226.0/24,1
74.129.217.0/24,1
101.109.50.0/24,1
176.23.19.0/24,1
67.167.196.0/24,1
139.9.25.0/24,1
107.167.36.0/24,1
106.54.105.0/24,1
60.182.93.0/24,1
207.173.152.0/24,1
95.70.95.0/24,1
68.101.250.0/24,1
188.173.239.0/24,1
83.60.101.0/24,1
66.25.47.0/24,1
165.22.21.0/24,1
119.51.244.0/24,1
81.102.45.0/24,1
91.97.39.0/24,1
2.153.225.0/24,1
47.91.68.0/24,1
107.77.227.0/24,1
79.147.210.0/24,1
67.235.138.0/24,1
8.141.173.0/24,1
14.91.23.0/24,1
90.216.111.0/24,1
71.81.199.0/24,1
100.2.137.0/24,1
84.126.131.0/24,1
23.220.6.0/24,1
176.48.14.0/24,1
175.147.42.0/24,1
113.199.32.0/24,1
2.205.231.0/24,1
122.37.173.0/24,1
223.185.99.0/24,1
223.8.207.0/24,1
49.68.227.0/24,1
67.169.157.0/24,1
94.14.76.0/24,1
97.75.239.0/24,1
77.206.193.0/24,1
47.115.162.0/24,1
175.110.249.0/24,1
73.161.252.0/24,1
98.5.37.0/24,1
35.195.192.0/24,1
122.163.162.0/24,1
96.60.53.0/24,1
27.23.79.0/24,1
213.6.193.0/24,1
73.251.247.0/24,1
50.49.215.0/24,1
24.218.225.0/24,1
98.184.93.0/24,1
85.45.202.0/24,1
62.45.212.0/24,1
83.42.112.0/24,1
189.131.181.0/24,1
188.169.229.0/24,1
62.31.145.0/24,1
45.36.119.0/24,1
125.163.70.0/24,1
76.130.208.0/24,1
212.147.11.0/24,1
68.12.65.0/24,1
143.106.143.0/24,1
34.67.110.0/24,1
174.76.49.0/24,1
184.68.6.0/24,1
73.36.104.0/24,1
43.136.62.0/24,1
24.241.112.0/24,1
36.34.18.0/24,1
203.129.81.0/24,1
23.223.25.0/24,1
119.8.167.0/24,1
223.204.186.0/24,1
87.253.98.0/24,1
113.231.192.0/24,1
112.177.142.0/24,1
83.247.54.0/24,1
49.27.133.0/24,1
216.68.14.0/24,1
128.135.118.0/24,1
38.166.204.0/24,1
175.150.29.0/24,1
49.25.44.0/24,1
185.43.43.0/24,1
112.220.46.0/24,1
60.210.167.0/24,1
84.250.84.0/24,1
173.49.50.0/24,1
91.44.83.0/24,1
75.164.190.0/24,1
112.179.26.0/24,1
59.27.151.0/24,1
129.88.196.0/24,1
74.75.99.0/24,1
216.119.116.0/24,1
79.105.161.0/24,1
221.10.119.0/24,1
120.0.5.0/24,1
110.175.176.0/24,1
189.139.215.0/24,1
42.179.250.0/24,1
171.239.94.0/24,1
47.219.124.0/24,1
180.73.83.0/24,1
98.197.171.0/24,1
167.114.12.0/24,1
98.243.36.0/24,1
82.3.57.0/24,1
69.69.16.0/24,1
91.197.134.0/24,1
2.190.118.0/24,1
168.194.155.0/24,1
2.18.32.0/24,1
139.178.3.0/24,1
185.160.193.0/24,1
50.184.134.0/24,1
106.44.156.0/24,1
65.30.41.0/24,1
184.99.141.0/24,1
114.205.22.0/24,1
1.254.18.0/24,1
123.245.243.0/24,1
37.232.108.0/24,1
218.148.75.0/24,1
89.40.89.0/24,1
38.242.224.0/24,1
13.227.46.0/24,1
68.105.1.0/24,1
67.20.81.0/24,1
187.4.160.0/24,1
69.240.241.0/24,1
14.36.107.0/24,1
76.111.7.0/24,1
31.117.60.0/24,1
198.98.115.0/24,1
67.70.17.0/24,1
61.244.239.0/24,1
14.235.146.0/24,1
73.142.140.0/24,1
82.21.0.0/24,1
126.4.220.0/24,1
220.120.147.0/24,1
192.227.174.0/24,1
119.28.153.0/24,1
35.243.95.0/24,1
122.35.55.0/24,1
126.34.175.0/24,1
153.99.127.0/24,1
81.237.215.0/24,1
118.81.220.0/24,1
104.231.225.0/24,1
124.222.79.0/24,1
85.175.107.0/24,1
103.9.92.0/24,1
1.26.226.0/24,1
87.93.253.0/24,1
73.101.19.0/24,1
88.151.158.0/24,1
178.122.223.0/24,1
80.219.133.0/24,1
189.151.87.0/24,1
184.162.232.0/24,1
126.23.211.0/24,1
123.145.60.0/24,1
189.41.208.0/24,1
76.134.135.0/24,1
143.204.217.0/24,1
176.197.100.0/24,1
178.184.186.0/24,1
189.49.215.0/24,1
115.97.99.0/24,1
14.48.93.0/24,1
210.126.82.0/24,1
85.95.167.0/24,1
211.211.178.0/24,1
73.70.167.0/24,1
218.151.3.0/24,1
186.240.21.0/24,1
47.34.41.0/24,1
112.102.198.0/24,1
79.24.204.0/24,1
95.86.176.0/24,1
73.91.207.0/24,1
97.80.64.0/24,1
202.182.101.0/24,1
176.96.14.0/24,1
222.185.14.0/24,1
112.148.106.0/24,1
45.134.16.0/24,1
188.11.197.0/24,1
188.116.157.0/24,1
36.81.155.0/24,1
161.70.213.0/24,1
82.54.238.0/24,1
92.115.186.0/24,1
79.16.91.0/24,1
47.115.18.0/24,1
144.255.39.0/24,1
126.140.125.0/24,1
60.190.137.0/24,1
213.35.207.0/24,1
83.226.220.0/24,1
155.133.40.0/24,1
14.95.192.0/24,1
175.123.153.0/24,1
77.138.46.0/24,1
23.32.246.0/24,1
46.34.132.0/24,1
83.166.49.0/24,1
5.37.215.0/24,1
82.71.33.0/24,1
59.27.203.0/24,1
58.65.146.0/24,1
149.241.55.0/24,1
89.186.145.0/24,1
45.165.185.0/24,1
79.232.187.0/24,1
83.42.103.0/24,1
171.247.70.0/24,1
193.152.157.0/24,1
188.136.68.0/24,1
108.222.81.0/24,1
218.41.234.0/24,1
211.72.109.0/24,1
186.48.246.0/24,1
139.0.201.0/24,1
94.43.160.0/24,1
109.130.198.0/24,1
100.14.102.0/24,1
49.173.165.0/24,1
62.235.152.0/24,1
91.50.172.0/24,1
184.191.94.0/24,1
73.71.239.0/24,1
78.207.121.0/24,1
131.164.209.0/24,1
77.117.18.0/24,1
149.3.115.0/24,1
76.115.25.0/24,1
175.142.145.0/24,1
110.180.172.0/24,1
75.74.136.0/24,1
182.227.74.0/24,1
178.183.105.0/24,1
184.89.152.0/24,1
91.197.198.0/24,1
95.58.227.0/24,1
27.218.190.0/24,1
88.101.219.0/24,1
154.86.234.0/24,1
188.60.98.0/24,1
187.136.238.0/24,1
31.188.133.0/24,1
115.95.157.0/24,1
82.49.172.0/24,1
70.125.210.0/24,1
45.130.230.0/24,1
177.177.155.0/24,1
87.5.217.0/24,1
83.35.39.0/24,1
24.168.16.0/24,1
79.146.196.0/24,1
115.66.244.0/24,1
85.238.186.0/24,1
178.119.225.0/24,1
70.80.131.0/24,1
154.7.224.0/24,1
108.56.228.0/24,1
110.139.112.0/24,1
171.108.224.0/24,1
73.236.70.0/24,1
179.117.65.0/24,1
73.244.85.0/24,1
60.25.242.0/24,1
104.104.110.0/24,1
91.73.229.0/24,1
187.55.200.0/24,1
49.62.171.0/24,1
50.127.177.0/24,1
27.37.210.0/24,1
123.233.213.0/24,1
76.128.110.0/24,1
120.8.46.0/24,1
115.98.100.0/24,1
125.70.210.0/24,1
27.42.129.0/24,1
115.58.1.0/24,1
211.48.87.0/24,1
94.12.126.0/24,1
106.211.225.0/24,1
123.58.97.0/24,1
171.38.27.0/24,1
14.7.198.0/24,1
112.233.167.0/24,1
98.46.32.0/24,1
186.188.179.0/24,1
95.140.143.0/24,1
104.115.166.0/24,1
116.102.87.0/24,1
120.204.236.0/24,1
190.190.193.0/24,1
24.167.223.0/24,1
178.118.171.0/24,1
59.0.3.0/24,1
121.234.231.0/24,1
111.165.155.0/24,1
80.114.95.0/24,1
60.106.170.0/24,1
82.0.250.0/24,1
113.249.184.0/24,1
118.249.82.0/24,1
191.101.63.0/24,1
179.43.186.0/24,1
104.111.50.0/24,1
172.74.190.0/24,1
189.124.224.0/24,1
121.224.129.0/24,1
37.120.152.0/24,1
83.76.213.0/24,1
130.59.58.0/24,1
73.155.53.0/24,1
52.46.6.0/24,1
187.52.214.0/24,1
49.29.184.0/24,1
80.26.192.0/24,1
14.224.146.0/24,1
121.224.66.0/24,1
213.197.176.0/24,1
90.201.154.0/24,1
66.160.189.0/24,1
82.53.246.0/24,1
47.148.214.0/24,1
185.10.193.0/24,1
41.248.60.0/24,1
46.70.41.0/24,1
211.229.120.0/24,1
107.154.192.0/24,1
41.102.146.0/24,1
116.39.179.0/24,1
111.122.70.0/24,1
156.250.94.0/24,1
78.253.213.0/24,1
123.160.99.0/24,1
200.115.55.0/24,1
60.186.57.0/24,1
87.123.183.0/24,1
112.229.151.0/24,1
119.176.100.0/24,1
2.67.142.0/24,1
128.199.199.0/24,1
188.22.109.0/24,1
69.74.75.0/24,1
78.94.53.0/24,1
73.110.0.0/24,1
105.172.29.0/24,1
65.185.144.0/24,1
179.129.5.0/24,1
24.17.102.0/24,1
123.209.225.0/24,1
187.169.3.0/24,1
42.5.49.0/24,1
73.231.37.0/24,1
76.50.92.0/24,1
24.255.48.0/24,1
34.241.25.0/24,1
68.57.200.0/24,1
39.76.192.0/24,1
209.122.207.0/24,1
3.38.164.0/24,1
70.123.88.0/24,1
84.185.91.0/24,1
75.166.42.0/24,1
119.157.34.0/24,1
76.172.9.0/24,1
190.133.8.0/24,1
83.134.113.0/24,1
216.119.111.0/24,1
45.197.23.0/24,1
180.83.39.0/24,1
161.142.248.0/24,1
116.179.15.0/24,1
173.64.67.0/24,1
66.180.133.0/24,1
67.7.131.0/24,1
161.70.39.0/24,1
95.197.0.0/24,1
75.62.182.0/24,1
70.118.92.0/24,1
76.100.6.0/24,1
220.92.196.0/24,1
73.51.41.0/24,1
73.54.141.0/24,1
38.140.238.0/24,1
115.64.11.0/24,1
97.82.107.0/24,1
13.32.83.0/24,1
94.11.220.0/24,1
76.129.175.0/24,1
202.165.24.0/24,1
196.45.193.0/24,1
104.162.49.0/24,1
119.111.183.0/24,1
73.107.126.0/24,1
109.132.183.0/24,1
184.96.189.0/24,1
23.46.134.0/24,1
70.92.109.0/24,1
107.11.182.0/24,1
176.121.1.0/24,1
212.40.9.0/24,1
50.88.117.0/24,1
107.172.195.0/24,1
83.54.252.0/24,1
49.12.120.0/24,1
91.43.212.0/24,1
113.171.107.0/24,1
185.16.32.0/24,1
23.210.79.0/24,1
104.155.144.0/24,1
222.106.39.0/24,1
119.218.6.0/24,1
60.90.105.0/24,1
102.113.31.0/24,1
124.216.179.0/24,1
123.183.6.0/24,1
124.56.180.0/24,1
71.230.69.0/24,1
200.96.21.0/24,1
92.75.95.0/24,1
210.209.236.0/24,1
77.105.26.0/24,1
61.76.194.0/24,1
180.162.88.0/24,1
34.65.196.0/24,1
171.104.210.0/24,1
57.135.141.0/24,1
105.108.109.0/24,1
185.183.62.0/24,1
71.76.50.0/24,1
162.158.85.0/24,1
101.86.151.0/24,1
125.0.222.0/24,1
119.201.185.0/24,1
183.115.140.0/24,1
121.165.128.0/24,1
60.70.9.0/24,1
92.73.115.0/24,1
154.127.133.0/24,1
122.38.102.0/24,1
121.196.56.0/24,1
211.211.28.0/24,1
175.200.154.0/24,1
121.162.236.0/24,1
91.53.23.0/24,1
5.45.37.0/24,1
90.180.112.0/24,1
124.94.12.0/24,1
121.134.62.0/24,1
122.112.237.0/24,1
104.248.31.0/24,1
131.161.170.0/24,1
84.198.228.0/24,1
91.236.133.0/24,1
84.140.187.0/24,1
94.4.241.0/24,1
82.12.133.0/24,1
177.201.62.0/24,1
94.6.84.0/24,1
149.241.142.0/24,1
75.167.112.0/24,1
27.78.244.0/24,1
141.237.241.0/24,1
176.253.245.0/24,1
171.127.100.0/24,1
125.227.49.0/24,1
76.30.167.0/24,1
178.165.17.0/24,1
95.96.228.0/24,1
122.43.40.0/24,1
49.75.72.0/24,1
116.3.40.0/24,1
118.86.193.0/24,1
112.145.78.0/24,1
141.130.250.0/24,1
61.111.129.0/24,1
83.40.252.0/24,1
98.17.232.0/24,1
211.179.113.0/24,1
109.165.148.0/24,1
171.231.195.0/24,1
98.40.253.0/24,1
123.138.69.0/24,1
174.105.152.0/24,1
211.215.87.0/24,1
222.234.131.0/24,1
68.103.98.0/24,1
78.48.155.0/24,1
24.22.149.0/24,1
73.165.148.0/24,1
96.255.178.0/24,1
67.176.59.0/24,1
98.116.187.0/24,1
185.247.116.0/24,1
1.28.188.0/24,1
67.7.75.0/24,1
27.199.176.0/24,1
139.212.112.0/24,1
60.19.229.0/24,1
173.222.25.0/24,1
70.75.203.0/24,1
60.17.174.0/24,1
178.128.187.0/24,1
120.237.235.0/24,1
61.5.32.0/24,1
218.148.99.0/24,1
221.215.175.0/24,1
95.91.27.0/24,1
108.4.225.0/24,1
59.4.163.0/24,1
175.168.53.0/24,1
73.188.115.0/24,1
187.75.29.0/24,1
60.191.5.0/24,1
71.181.101.0/24,1
116.33.40.0/24,1
119.62.108.0/24,1
184.58.130.0/24,1
89.116.247.0/24,1
175.251.246.0/24,1
221.221.248.0/24,1
207.254.173.0/24,1
188.250.157.0/24,1
76.147.204.0/24,1
1.106.60.0/24,1
175.116.222.0/24,1
115.79.73.0/24,1
176.100.196.0/24,1
73.244.151.0/24,1
189.81.203.0/24,1
23.237.194.0/24,1
77.84.11.0/24,1
112.186.90.0/24,1
70.95.242.0/24,1
50.62.187.0/24,1
73.200.253.0/24,1
151.197.207.0/24,1
94.194.218.0/24,1
197.214.146.0/24,1
98.210.162.0/24,1
189.177.97.0/24,1
122.225.80.0/24,1
72.76.117.0/24,1
60.227.164.0/24,1
222.175.181.0/24,1
68.225.147.0/24,1
124.172.154.0/24,1
81.244.129.0/24,1
78.18.185.0/24,1
47.114.114.0/24,1
119.208.218.0/24,1
71.196.169.0/24,1
61.16.68.0/24,1
60.108.177.0/24,1
183.113.226.0/24,1
24.180.146.0/24,1
27.197.156.0/24,1
14.37.158.0/24,1
95.140.225.0/24,1
91.176.211.0/24,1
39.72.128.0/24,1
98.39.80.0/24,1
27.128.175.0/24,1
31.166.242.0/24,1
173.47.214.0/24,1
50.30.57.0/24,1
193.8.194.0/24,1
73.155.247.0/24,1
68.206.180.0/24,1
51.241.8.0/24,1
183.44.223.0/24,1
119.14.82.0/24,1
194.104.23.0/24,1
193.90.207.0/24,1
190.135.12.0/24,1
183.165.127.0/24,1
173.18.123.0/24,1
69.243.167.0/24,1
67.184.159.0/24,1
35.224.14.0/24,1
184.160.153.0/24,1
103.86.141.0/24,1
107.174.204.0/24,1
73.213.71.0/24,1
5.105.38.0/24,1
201.111.80.0/24,1
204.242.204.0/24,1
50.96.124.0/24,1
77.45.247.0/24,1
98.190.115.0/24,1
46.90.199.0/24,1
175.164.153.0/24,1
180.243.173.0/24,1
81.196.65.0/24,1
195.192.255.0/24,1
162.230.43.0/24,1
50.193.78.0/24,1
210.106.55.0/24,1
108.53.6.0/24,1
123.56.74.0/24,1
83.53.201.0/24,1
173.222.175.0/24,1
60.213.155.0/24,1
74.83.58.0/24,1
172.75.169.0/24,1
2.135.86.0/24,1
50.38.201.0/24,1
72.218.7.0/24,1
178.208.0.0/24,1
128.46.6.0/24,1
223.187.52.0/24,1
121.41.39.0/24,1
95.122.142.0/24,1
126.203.152.0/24,1
42.4.193.0/24,1
72.66.102.0/24,1
112.238.52.0/24,1
211.186.85.0/24,2
60.134.245.0/24,1
77.3.79.0/24,1
90.196.87.0/24,1
175.113.5.0/24,1
90.221.120.0/24,1
175.214.27.0/24,1
86.24.120.0/24,1
45.253.166.0/24,1
34.195.6.0/24,1
95.243.155.0/24,1
192.207.192.0/24,1
60.153.159.0/24,1
70.164.58.0/24,1
184.83.11.0/24,1
178.141.9.0/24,1
81.245.172.0/24,1
125.9.57.0/24,1
178.184.100.0/24,1
84.220.21.0/24,1
207.89.9.0/24,1
73.13.125.0/24,1
66.67.99.0/24,1
125.143.242.0/24,1
60.152.227.0/24,1
139.189.147.0/24,1
23.225.3.0/24,1
204.113.194.0/24,1
92.105.117.0/24,1
149.127.206.0/24,1
167.56.241.0/24,1
81.196.82.0/24,1
211.228.252.0/24,1
189.135.135.0/24,1
78.120.46.0/24,1
174.86.193.0/24,1
185.12.57.0/24,1
112.209.154.0/24,1
175.253.202.0/24,1
45.183.30.0/24,1
125.157.58.0/24,1
193.121.152.0/24,1
23.195.1.0/24,1
197.211.159.0/24,1
64.40.209.0/24,1
213.10.218.0/24,1
149.224.57.0/24,1
2.60.45.0/24,1
84.194.42.0/24,1
183.149.225.0/24,1
24.7.230.0/24,1
69.246.123.0/24,1
195.141.128.0/24,1
61.48.30.0/24,1
62.163.194.0/24,1
34.73.193.0/24,1
65.34.208.0/24,1
163.171.165.0/24,1
50.254.159.0/24,1
68.190.21.0/24,1
95.220.45.0/24,1
2.222.58.0/24,1
142.161.177.0/24,1
107.85.247.0/24,1
108.52.205.0/24,1
99.247.73.0/24,1
185.111.73.0/24,1
82.0.229.0/24,1
94.20.42.0/24,1
206.189.107.0/24,1
94.134.42.0/24,1
115.74.210.0/24,1
220.120.14.0/24,1
93.1.102.0/24,1
37.150.186.0/24,1
20.113.67.0/24,1
151.228.18.0/24,1
60.67.251.0/24,1
178.199.175.0/24,1
174.45.201.0/24,1
219.152.62.0/24,1
76.168.134.0/24,1
90.217.164.0/24,1
151.230.228.0/24,1
174.87.82.0/24,1
2.226.223.0/24,1
98.211.57.0/24,1
216.144.250.0/24,1
200.102.105.0/24,1
180.162.79.0/24,1
87.197.184.0/24,1
23.33.111.0/24,1
76.158.156.0/24,1
86.25.112.0/24,1
174.130.15.0/24,1
84.62.97.0/24,1
115.204.75.0/24,1
1.251.215.0/24,1
71.68.221.0/24,1
158.46.225.0/24,1
125.39.155.0/24,1
175.172.161.0/24,1
86.25.54.0/24,1
94.189.43.0/24,1
62.81.242.0/24,1
119.190.127.0/24,1
115.31.124.0/24,1
171.234.221.0/24,1
23.27.158.0/24,1
125.139.100.0/24,1
182.172.108.0/24,1
23.55.188.0/24,1
131.93.24.0/24,1
175.249.210.0/24,1
218.152.226.0/24,1
13.35.28.0/24,1
103.68.8.0/24,1
117.63.133.0/24,1
5.13.113.0/24,1
132.145.81.0/24,1
186.28.71.0/24,1
187.213.97.0/24,1
154.208.151.0/24,1
132.145.81.0/24,2
132.145.81.0/24,2
190.151.198.0/24,1
181.221.6.0/24,1
104.78.220.0/24,1
165.225.197.0/24,1
201.244.155.0/24,1
159.69.247.0/24,1
86.123.48.0/24,1
97.90.47.0/24,1
132.145.81.0/24,2
189.176.241.0/24,1
24.124.59.0/24,1
35.195.229.0/24,1
199.188.108.0/24,1
118.214.241.0/24,1
27.237.7.0/24,1
67.187.187.0/24,1
194.182.232.0/24,1
174.85.95.0/24,1
111.246.25.0/24,1
220.64.86.0/24,1
60.50.199.0/24,1
126.92.40.0/24,1
75.128.115.0/24,1
218.239.26.0/24,1
82.158.233.0/24,1
39.112.207.0/24,1
175.153.234.0/24,1
98.153.177.0/24,1
179.208.80.0/24,1
85.5.91.0/24,1
23.221.237.0/24,1
18.172.218.0/24,1
66.41.192.0/24,1
95.237.58.0/24,1
81.109.15.0/24,1
84.227.0.0/24,1
184.150.66.0/24,1
92.75.92.0/24,1
24.170.15.0/24,1
79.96.153.0/24,1
153.249.126.0/24,1
23.44.240.0/24,1
190.221.245.0/24,1
2.81.109.0/24,1
142.129.110.0/24,1
104.24.35.0/24,1
125.159.25.0/24,1
172.119.143.0/24,1
74.109.227.0/24,1
47.134.87.0/24,1
184.83.173.0/24,1
200.57.23.0/24,1
89.160.123.0/24,1
95.208.34.0/24,1
31.133.102.0/24,1
216.66.217.0/24,1
89.72.82.0/24,1
113.234.231.0/24,1
68.9.87.0/24,1
190.94.135.0/24,1
75.168.215.0/24,1
45.59.114.0/24,1
35.228.56.0/24,1
112.235.156.0/24,1
121.54.205.0/24,1
65.184.129.0/24,1
103.94.112.0/24,1
79.108.251.0/24,1
116.106.122.0/24,1
67.78.46.0/24,1
68.9.85.0/24,1
175.136.210.0/24,1
72.72.168.0/24,1
119.250.22.0/24,1
104.140.227.0/24,1
73.29.92.0/24,1
108.167.178.0/24,1
205.217.168.0/24,1
175.169.125.0/24,1
88.93.245.0/24,1
159.223.76.0/24,1
156.38.72.0/24,1
24.107.254.0/24,1
71.220.199.0/24,1
216.191.99.0/24,1
73.61.249.0/24,1
118.172.137.0/24,1
39.105.203.0/24,1
189.158.250.0/24,1
175.192.186.0/24,1
35.202.103.0/24,1
104.71.212.0/24,1
183.99.142.0/24,1
87.243.157.0/24,1
41.27.204.0/24,1
104.71.168.0/24,1
96.241.78.0/24,1
121.176.204.0/24,1
146.190.220.0/24,1
175.178.81.0/24,1
90.220.244.0/24,1
220.77.65.0/24,1
112.239.162.0/24,1
78.192.26.0/24,1
27.57.143.0/24,1
121.139.72.0/24,1
39.89.132.0/24,1
112.87.248.0/24,1
86.8.205.0/24,1
177.203.34.0/24,1
187.155.108.0/24,1
91.233.236.0/24,1
84.102.235.0/24,1
65.30.220.0/24,1
113.110.37.0/24,1
209.190.94.0/24,1
86.19.150.0/24,1
73.131.29.0/24,1
83.51.12.0/24,1
213.3.36.0/24,1
167.82.91.0/24,1
183.2.124.0/24,1
122.37.151.0/24,1
75.67.71.0/24,1
23.72.141.0/24,1
115.202.7.0/24,1
167.131.88.0/24,1
69.133.147.0/24,1
175.246.64.0/24,1
60.93.40.0/24,1
109.239.71.0/24,1
122.168.48.0/24,1
49.145.246.0/24,1
61.83.11.0/24,1
223.222.12.0/24,1
189.82.248.0/24,1
87.20.211.0/24,1
92.116.204.0/24,1
47.38.57.0/24,1
80.82.215.0/24,1
110.72.31.0/24,1
85.202.109.0/24,1
58.148.40.0/24,1
87.152.204.0/24,1
104.111.147.0/24,1
86.90.106.0/24,1
109.26.63.0/24,1
79.198.7.0/24,1
71.213.194.0/24,1
88.223.142.0/24,1
41.83.17.0/24,1
5.141.160.0/24,1
186.244.58.0/24,1
186.137.209.0/24,1
126.77.161.0/24,1
79.8.53.0/24,1
212.205.152.0/24,1
90.71.142.0/24,1
84.50.11.0/24,1
177.148.213.0/24,1
60.7.242.0/24,1
160.105.246.0/24,1
193.36.235.0/24,1
88.3.95.0/24,1
188.242.40.0/24,1
71.126.184.0/24,1
190.213.84.0/24,1
189.70.90.0/24,1
98.181.127.0/24,1
149.202.12.0/24,1
36.77.164.0/24,1
171.78.222.0/24,1
93.218.159.0/24,1
79.246.42.0/24,1
82.82.200.0/24,1
178.38.164.0/24,1
177.11.86.0/24,1
5.62.93.0/24,1
39.108.83.0/24,1
112.230.56.0/24,1
71.112.152.0/24,1
195.223.255.0/24,1
110.166.75.0/24,1
122.254.153.0/24,1
71.161.215.0/24,1
58.77.195.0/24,1
92.249.172.0/24,1
141.179.16.0/24,1
123.129.179.0/24,1
73.118.53.0/24,1
72.223.42.0/24,1
109.105.31.0/24,1
108.21.54.0/24,1
65.141.59.0/24,1
60.109.2.0/24,1
63.251.44.0/24,1
183.119.117.0/24,1
24.20.31.0/24,1
184.30.122.0/24,1
187.145.63.0/24,1
142.105.231.0/24,1
5.10.50.0/24,1
50.226.204.0/24,1
195.234.182.0/24,1
49.29.146.0/24,1
104.69.82.0/24,1
108.56.75.0/24,1
108.30.222.0/24,1
180.211.3.0/24,1
47.97.161.0/24,1
121.25.148.0/24,1
96.53.126.0/24,1
47.200.151.0/24,1
68.51.170.0/24,1
147.182.244.0/24,1
197.4.134.0/24,1
71.196.218.0/24,1
41.193.83.0/24,1
96.45.161.0/24,1
171.105.74.0/24,1
64.33.109.0/24,1
223.119.131.0/24,1
125.158.169.0/24,1
79.49.26.0/24,1
107.3.181.0/24,1
188.244.64.0/24,1
174.83.91.0/24,1
182.217.169.0/24,1
60.42.109.0/24,1
184.161.162.0/24,1
107.3.183.0/24,1
203.57.71.0/24,1
189.248.145.0/24,1
202.111.46.0/24,1
158.224.85.0/24,1
58.124.43.0/24,1
73.9.78.0/24,1
172.79.190.0/24,1
60.99.168.0/24,1
201.103.102.0/24,1
70.51.42.0/24,1
108.26.189.0/24,1
186.28.57.0/24,1
65.162.41.0/24,1
181.128.19.0/24,1
3.123.238.0/24,1
71.117.142.0/24,1
116.203.239.0/24,1
71.244.100.0/24,1
98.32.98.0/24,1
73.174.162.0/24,1
73.96.92.0/24,1
175.253.227.0/24,1
59.11.241.0/24,1
73.32.36.0/24,1
77.37.134.0/24,1
126.220.155.0/24,1
122.9.142.0/24,1
73.188.170.0/24,1
160.178.47.0/24,1
24.213.56.0/24,1
184.27.173.0/24,1
94.3.183.0/24,1
175.143.215.0/24,1
93.119.83.0/24,1
112.249.168.0/24,1
113.238.19.0/24,1
73.137.154.0/24,1
92.188.122.0/24,1
86.4.108.0/24,1
180.104.209.0/24,1
61.177.157.0/24,1
181.26.248.0/24,1
2.202.52.0/24,1
62.86.230.0/24,1
173.61.143.0/24,1
223.158.145.0/24,1
188.221.255.0/24,1
108.252.20.0/24,1
35.198.186.0/24,1
63.155.120.0/24,1
196.82.8.0/24,1
221.206.14.0/24,1
116.47.58.0/24,1
51.183.158.0/24,1
172.89.79.0/24,1
190.245.0.0/24,1
125.151.117.0/24,1
211.108.252.0/24,1
117.2.127.0/24,1
82.54.17.0/24,1
171.243.69.0/24,1
73.246.148.0/24,1
92.205.48.0/24,1
73.96.15.0/24,1
189.57.58.0/24,1
18.161.64.0/24,1
211.185.12.0/24,1
222.237.217.0/24,1
116.118.14.0/24,1
14.105.114.0/24,1
213.73.176.0/24,1
222.137.237.0/24,1
99.230.172.0/24,1
174.23.135.0/24,1
23.196.247.0/24,1
187.145.166.0/24,1
182.223.151.0/24,1
73.150.216.0/24,1
95.54.118.0/24,1
120.205.151.0/24,1
63.147.111.0/24,1
73.223.75.0/24,1
75.138.81.0/24,1
98.51.92.0/24,1
221.216.226.0/24,1
71.34.153.0/24,1
24.216.48.0/24,1
73.134.11.0/24,1
49.76.163.0/24,1
174.58.175.0/24,1
96.46.88.0/24,1
2.16.42.0/24,1
102.165.248.0/24,1
42.186.35.0/24,1
27.63.228.0/24,1
108.5.211.0/24,1
72.131.74.0/24,1
173.63.42.0/24,1
68.107.136.0/24,1
220.74.177.0/24,1
71.237.119.0/24,1
1.205.179.0/24,1
79.208.86.0/24,1
117.68.195.0/24,1
175.16.141.0/24,1
176.85.24.0/24,1
192.145.196.0/24,1
14.50.26.0/24,1
64.172.225.0/24,1
103.25.103.0/24,1
115.146.118.0/24,1
173.164.124.0/24,1
88.74.180.0/24,1
98.235.156.0/24,1
211.199.159.0/24,1
73.220.39.0/24,1
69.251.242.0/24,1
91.102.153.0/24,1
172.220.72.0/24,1
122.160.158.0/24,1
173.224.14.0/24,1
73.189.209.0/24,1
182.112.109.0/24,1
149.18.18.0/24,1
74.136.224.0/24,1
73.9.192.0/24,1
34.132.38.0/24,1
78.206.164.0/24,1
97.99.90.0/24,1
72.219.105.0/24,1
221.152.189.0/24,1
183.90.249.0/24,1
86.26.72.0/24,1
94.8.83.0/24,1
184.103.161.0/24,1
92.238.190.0/24,1
138.26.252.0/24,1
68.36.216.0/24,1
60.114.6.0/24,1
101.95.188.0/24,1
112.95.57.0/24,1
70.112.255.0/24,1
59.8.41.0/24,1
63.146.247.0/24,1
218.93.173.0/24,1
181.26.221.0/24,1
108.41.142.0/24,1
203.204.251.0/24,1
18.65.86.0/24,1
69.167.113.0/24,1
190.205.31.0/24,1
60.113.124.0/24,1
183.109.54.0/24,1
64.92.3.0/24,1
123.109.174.0/24,1
5.249.178.0/24,1
168.90.255.0/24,1
78.139.127.0/24,1
98.190.113.0/24,1
201.97.29.0/24,1
175.237.226.0/24,1
70.112.12.0/24,1
187.139.74.0/24,1
108.5.178.0/24,1
108.7.192.0/24,1
14.93.187.0/24,1
125.157.99.0/24,1
67.188.200.0/24,1
65.130.25.0/24,1
1.202.253.0/24,1
184.89.236.0/24,1
76.138.112.0/24,1
125.153.204.0/24,1
87.0.44.0/24,1
71.121.146.0/24,1
34.85.241.0/24,1
73.38.70.0/24,1
73.85.165.0/24,1
154.204.97.0/24,1
73.254.144.0/24,1
70.186.107.0/24,1
110.45.15.0/24,1
109.25.235.0/24,1
178.132.148.0/24,1
72.192.16.0/24,1
107.12.26.0/24,1
78.24.91.0/24,1
2.104.138.0/24,1
76.79.70.0/24,1
99.227.86.0/24,1
222.119.114.0/24,1
82.13.241.0/24,1
77.38.147.0/24,1
87.20.174.0/24,1
76.175.206.0/24,1
1.216.143.0/24,1
179.248.185.0/24,1
67.1.215.0/24,1
72.235.107.0/24,1
71.39.225.0/24,1
88.20.87.0/24,1
14.201.207.0/24,1
1.69.242.0/24,1
1.243.176.0/24,1
195.128.65.0/24,1
171.121.117.0/24,1
76.122.57.0/24,1
37.143.207.0/24,1
2.206.129.0/24,1
221.146.122.0/24,1
37.35.78.0/24,1
140.107.170.0/24,1
73.139.193.0/24,1
96.55.20.0/24,1
200.102.99.0/24,1
43.134.239.0/24,1
222.135.112.0/24,1
207.60.219.0/24,1
119.82.97.0/24,1
73.195.233.0/24,1
217.216.246.0/24,1
88.114.6.0/24,1
73.94.37.0/24,1
1.255.216.0/24,1
82.74.238.0/24,1
187.52.162.0/24,1
104.197.129.0/24,1
218.202.122.0/24,1
178.125.123.0/24,1
81.169.239.0/24,1
62.172.8.0/24,1
71.182.184.0/24,1
123.121.117.0/24,1
99.241.180.0/24,1
209.215.176.0/24,1
150.242.253.0/24,1
193.142.242.0/24,1
59.15.149.0/24,1
158.51.26.0/24,1
104.73.141.0/24,1
203.253.81.0/24,1
47.199.184.0/24,1
86.183.137.0/24,1
180.114.186.0/24,1
94.50.148.0/24,1
189.140.172.0/24,1
186.193.54.0/24,1
173.63.220.0/24,1
68.117.247.0/24,1
174.112.155.0/24,1
124.67.67.0/24,1
85.244.254.0/24,1
130.250.189.0/24,1
175.226.241.0/24,1
76.0.26.0/24,1
86.9.205.0/24,1
76.125.178.0/24,1
104.87.239.0/24,1
74.139.85.0/24,1
104.230.72.0/24,1
94.15.238.0/24,1
185.208.131.0/24,1
171.105.187.0/24,1
220.125.184.0/24,1
63.250.125.0/24,1
179.55.197.0/24,1
83.55.135.0/24,1
91.231.236.0/24,1
75.136.203.0/24,1
191.222.201.0/24,1
88.73.109.0/24,1
67.197.247.0/24,1
156.242.140.0/24,1
24.157.186.0/24,1
112.157.74.0/24,1
212.106.106.0/24,1
74.131.74.0/24,1
89.22.185.0/24,1
176.127.208.0/24,1
79.23.64.0/24,1
167.62.171.0/24,1
84.75.71.0/24,1
71.52.28.0/24,1
36.55.152.0/24,1
173.49.242.0/24,1
72.27.10.0/24,1
121.66.101.0/24,1
203.77.46.0/24,1
2.82.6.0/24,1
88.159.166.0/24,1
222.163.119.0/24,1
94.111.59.0/24,1
222.138.178.0/24,1
78.128.60.0/24,1
68.56.199.0/24,1
73.117.203.0/24,1
76.223.30.0/24,1
175.145.87.0/24,1
173.178.139.0/24,1
5.71.127.0/24,1
171.22.194.0/24,1
185.229.225.0/24,1
121.168.59.0/24,1
93.198.87.0/24,1
203.68.31.0/24,1
87.27.130.0/24,1
1.69.108.0/24,1
119.210.20.0/24,1
61.40.19.0/24,1
31.25.210.0/24,1
156.242.175.0/24,1
206.71.60.0/24,1
89.117.142.0/24,1
27.58.22.0/24,1
113.4.120.0/24,1
193.9.63.0/24,1
2.106.203.0/24,1
60.147.233.0/24,1
60.112.150.0/24,1
221.215.65.0/24,1
50.31.32.0/24,1
86.105.97.0/24,1
45.153.89.0/24,1
91.67.195.0/24,1
91.249.16.0/24,1
54.39.194.0/24,1
1.60.134.0/24,1
209.159.218.0/24,1
68.84.242.0/24,1
83.209.147.0/24,1
24.171.124.0/24,1
79.204.1.0/24,1
60.152.149.0/24,1
23.13.179.0/24,1
189.151.53.0/24,1
119.209.105.0/24,1
35.184.18.0/24,1
216.172.22.0/24,1
69.65.19.0/24,1
98.110.82.0/24,1
96.41.199.0/24,1
69.142.251.0/24,1
185.104.5.0/24,1
31.222.8.0/24,1
104.82.9.0/24,1
117.251.54.0/24,1
116.100.115.0/24,1
166.165.71.0/24,1
116.109.211.0/24,1
24.67.132.0/24,1
189.178.91.0/24,1
24.48.11.0/24,1
189.30.253.0/24,1
188.26.33.0/24,1
87.167.13.0/24,1
186.240.190.0/24,1
38.54.178.0/24,1
24.160.22.0/24,1
76.144.88.0/24,1
118.73.140.0/24,1
189.183.72.0/24,1
46.226.226.0/24,1
27.199.134.0/24,1
80.212.212.0/24,1
61.230.213.0/24,1
43.140.201.0/24,1
58.17.113.0/24,1
118.43.91.0/24,1
114.34.173.0/24,1
98.143.209.0/24,1
141.164.141.0/24,1
27.15.180.0/24,1
124.61.116.0/24,1
112.153.66.0/24,1
175.167.194.0/24,1
167.56.28.0/24,1
24.15.115.0/24,1
185.144.224.0/24,1
139.162.56.0/24,1
79.114.78.0/24,1
163.47.52.0/24,1
72.188.245.0/24,1
73.48.76.0/24,1
178.196.74.0/24,1
34.28.181.0/24,1
90.216.249.0/24,1
184.58.87.0/24,1
103.178.194.0/24,1
97.94.135.0/24,1
46.51.206.0/24,1
174.59.108.0/24,1
46.65.78.0/24,1
130.248.138.0/24,1
67.217.78.0/24,1
23.54.221.0/24,1
213.47.102.0/24,1
13.35.65.0/24,1
181.61.151.0/24,1
80.122.81.0/24,1
102.118.69.0/24,1
149.96.21.0/24,1
69.253.217.0/24,1
88.6.96.0/24,1
27.212.6.0/24,1
24.172.24.0/24,1
174.57.90.0/24,1
69.247.131.0/24,1
121.178.151.0/24,1
184.57.32.0/24,1
58.88.173.0/24,1
191.54.246.0/24,1
125.42.232.0/24,1
95.83.244.0/24,1
153.192.132.0/24,1
72.181.72.0/24,1
1.239.29.0/24,1
1.236.233.0/24,1
37.1.223.0/24,1
177.53.40.0/24,1
69.248.28.0/24,1
5.59.21.0/24,1
2.135.89.0/24,1
156.240.4.0/24,1
117.45.55.0/24,1
31.146.27.0/24,1
104.27.43.0/24,1
96.94.225.0/24,1
121.129.203.0/24,1
125.43.209.0/24,1
58.214.212.0/24,1
50.229.92.0/24,1
88.12.110.0/24,1
169.244.240.0/24,1
178.198.24.0/24,1
3.253.50.0/24,1
1.252.223.0/24,1
60.109.56.0/24,1
54.218.48.0/24,1
218.76.215.0/24,1
223.226.62.0/24,1
122.246.218.0/24,1
161.199.126.0/24,1
121.175.211.0/24,1
141.179.77.0/24,1
174.109.225.0/24,1
184.29.76.0/24,1
99.252.226.0/24,1
82.220.14.0/24,1
24.139.6.0/24,1
101.88.14.0/24,1
172.72.87.0/24,1
90.192.113.0/24,1
185.147.156.0/24,1
112.249.23.0/24,1
1.245.34.0/24,1
49.1.229.0/24,1
190.68.235.0/24,1
98.54.202.0/24,1
42.232.144.0/24,1
118.61.120.0/24,1
101.235.116.0/24,1
79.93.111.0/24,1
185.92.174.0/24,1
101.226.212.0/24,1
221.152.19.0/24,1
58.226.169.0/24,1
161.38.147.0/24,1
80.115.108.0/24,1
209.169.72.0/24,1
185.89.160.0/24,1
222.112.117.0/24,1
60.240.102.0/24,1
94.130.66.0/24,1
87.80.176.0/24,1
73.114.177.0/24,1
27.64.148.0/24,1
118.53.73.0/24,1
112.250.6.0/24,1
80.4.204.0/24,1
78.118.224.0/24,1
125.42.26.0/24,1
218.91.201.0/24,1
67.242.45.0/24,1
77.249.111.0/24,1
187.199.6.0/24,1
180.245.188.0/24,1
76.120.88.0/24,1
179.124.254.0/24,1
153.36.116.0/24,1
117.254.152.0/24,1
211.198.17.0/24,1
37.138.61.0/24,1
211.219.128.0/24,1
112.252.214.0/24,1
23.57.31.0/24,1
113.233.232.0/24,1
118.79.232.0/24,1
107.12.63.0/24,1
76.156.45.0/24,1
92.216.89.0/24,1
85.5.64.0/24,1
88.1.143.0/24,1
95.81.253.0/24,1
203.137.109.0/24,1
103.42.17.0/24,1
80.30.79.0/24,1
61.93.226.0/24,1
82.28.229.0/24,1
95.55.51.0/24,1
189.152.132.0/24,1
35.136.244.0/24,1
51.146.88.0/24,1
173.20.229.0/24,1
136.24.118.0/24,1
195.189.6.0/24,1
189.130.157.0/24,1
66.31.108.0/24,1
92.66.50.0/24,1
183.166.68.0/24,1
121.198.18.0/24,1
177.148.158.0/24,1
217.215.242.0/24,1
186.33.165.0/24,1
92.34.21.0/24,1
221.158.176.0/24,1
112.249.223.0/24,1
60.65.150.0/24,1
174.118.3.0/24,1
116.110.184.0/24,2
68.134.119.0/24,1
110.68.53.0/24,1
112.171.1.0/24,1
59.21.253.0/24,1
76.20.173.0/24,1
68.186.70.0/24,1
191.84.218.0/24,1
93.201.173.0/24,1
211.58.102.0/24,1
185.11.14.0/24,1
2.221.225.0/24,1
5.187.3.0/24,1
14.35.226.0/24,1
73.147.100.0/24,1
65.131.201.0/24,1
189.133.241.0/24,1
67.252.36.0/24,1
173.177.32.0/24,1
139.64.9.0/24,1
103.118.42.0/24,1
120.5.114.0/24,1
58.241.231.0/24,1
67.237.164.0/24,1
37.235.114.0/24,1
223.233.193.0/24,1
186.1.100.0/24,1
2.121.5.0/24,1
73.160.4.0/24,1
42.248.137.0/24,1
194.207.188.0/24,1
124.162.77.0/24,1
76.81.130.0/24,1
189.222.156.0/24,1
185.188.181.0/24,1
175.239.90.0/24,1
221.2.117.0/24,1
178.69.184.0/24,1
71.183.212.0/24,1
99.86.35.0/24,1
223.241.115.0/24,1
174.23.24.0/24,1
39.105.190.0/24,1
99.224.23.0/24,1
104.253.184.0/24,1
71.205.0.0/24,1
89.10.162.0/24,1
24.242.85.0/24,1
99.248.28.0/24,1
201.117.155.0/24,1
79.84.181.0/24,1
60.107.237.0/24,1
109.184.163.0/24,1
116.31.30.0/24,1
79.252.111.0/24,1
64.44.54.0/24,1
34.124.222.0/24,1
175.192.45.0/24,1
129.213.10.0/24,1
36.72.94.0/24,1
221.180.30.0/24,1
75.81.46.0/24,1
124.224.193.0/24,1
89.210.8.0/24,1
196.185.150.0/24,1
221.196.205.0/24,1
70.125.168.0/24,1
34.149.228.0/24,1
217.224.86.0/24,1
35.234.20.0/24,1
68.39.42.0/24,1
75.137.161.0/24,1
39.68.187.0/24,1
76.158.155.0/24,1
71.90.138.0/24,1
201.66.89.0/24,1
116.34.122.0/24,1
41.103.53.0/24,1
34.133.228.0/24,1
91.19.254.0/24,1
36.63.39.0/24,1
80.31.166.0/24,1
104.163.171.0/24,1
34.171.58.0/24,1
82.62.45.0/24,1
54.251.43.0/24,1
175.123.122.0/24,1
184.161.253.0/24,1
175.213.252.0/24,1
27.106.117.0/24,1
210.106.120.0/24,1
84.44.187.0/24,1
81.227.250.0/24,1
197.15.114.0/24,1
173.177.231.0/24,1
120.1.29.0/24,1
73.139.174.0/24,1
108.39.216.0/24,1
36.33.57.0/24,1
66.229.24.0/24,1
47.195.225.0/24,1
173.89.181.0/24,1
59.16.218.0/24,1
189.129.94.0/24,1
185.221.151.0/24,1
95.248.174.0/24,1
96.65.158.0/24,1
217.62.197.0/24,1
80.109.230.0/24,1
31.166.182.0/24,1
188.103.35.0/24,1
223.119.157.0/24,1
31.146.10.0/24,1
79.46.128.0/24,1
109.255.23.0/24,1
46.10.68.0/24,1
67.161.6.0/24,1
212.17.91.0/24,1
151.59.122.0/24,1
121.157.211.0/24,1
85.165.186.0/24,1
59.126.147.0/24,1
118.190.252.0/24,1
87.165.83.0/24,1
91.205.71.0/24,1
209.95.108.0/24,1
188.82.217.0/24,1
76.112.217.0/24,1
67.188.39.0/24,1
80.58.149.0/24,1
191.212.136.0/24,1
178.5.12.0/24,1
147.0.179.0/24,1
116.127.172.0/24,1
92.115.6.0/24,1
82.5.76.0/24,1
45.116.76.0/24,1
93.212.20.0/24,1
92.70.51.0/24,1
104.110.135.0/24,1
92.88.13.0/24,1
78.21.24.0/24,1
84.120.128.0/24,1
84.175.164.0/24,1
49.255.10.0/24,1
186.5.190.0/24,1
85.241.46.0/24,1
2.222.44.0/24,1
115.97.36.0/24,1
126.55.214.0/24,1
80.2.214.0/24,1
31.17.136.0/24,1
123.212.252.0/24,1
197.15.17.0/24,1
92.236.146.0/24,1
81.199.93.0/24,1
121.234.88.0/24,1
27.4.136.0/24,1
149.11.38.0/24,1
86.141.113.0/24,1
5.196.72.0/24,1
174.81.2.0/24,1
71.205.122.0/24,1
88.210.85.0/24,1
93.146.252.0/24,1
23.76.43.0/24,1
119.39.140.0/24,1
24.177.73.0/24,1
137.25.33.0/24,1
175.97.172.0/24,1
175.173.4.0/24,1
68.43.34.0/24,1
96.27.98.0/24,1
42.4.253.0/24,1
73.229.112.0/24,1
59.16.179.0/24,1
24.78.91.0/24,1
52.85.46.0/24,1
176.253.215.0/24,1
73.114.213.0/24,1
126.207.211.0/24,1
76.140.123.0/24,1
82.5.226.0/24,1
117.1.113.0/24,1
60.113.115.0/24,1
137.184.184.0/24,1
188.105.208.0/24,1
218.157.93.0/24,1
27.197.109.0/24,1
71.87.82.0/24,1
78.237.36.0/24,1
173.18.128.0/24,1
104.96.150.0/24,1
212.201.19.0/24,1
80.26.199.0/24,1
104.241.193.0/24,1
111.217.20.0/24,1
151.231.31.0/24,1
109.131.20.0/24,1
120.29.214.0/24,1
97.126.100.0/24,1
121.228.3.0/24,1
209.40.129.0/24,1
139.211.63.0/24,1
65.129.68.0/24,1
174.21.98.0/24,1
179.166.146.0/24,1
122.157.219.0/24,1
3.252.255.0/24,1
182.182.208.0/24,1
70.34.226.0/24,1
191.17.205.0/24,1
60.145.202.0/24,1
98.38.243.0/24,1
23.4.78.0/24,1
1.15.72.0/24,1
96.230.243.0/24,1
13.224.201.0/24,1
116.203.54.0/24,1
105.68.9.0/24,1
96.22.140.0/24,1
149.29.76.0/24,1
159.235.235.0/24,1
213.100.209.0/24,1
73.50.132.0/24,1
124.56.77.0/24,1
1.190.179.0/24,1
95.217.8.0/24,1
92.74.218.0/24,1
98.226.232.0/24,1
95.255.103.0/24,1
187.127.62.0/24,1
220.94.189.0/24,1
39.65.188.0/24,1
189.178.29.0/24,1
109.17.93.0/24,1
111.10.254.0/24,1
109.30.36.0/24,1
116.203.78.0/24,1
189.239.99.0/24,1
23.44.72.0/24,1
60.31.93.0/24,1
84.60.69.0/24,1
94.111.232.0/24,1
72.222.137.0/24,1
74.129.198.0/24,1
172.248.106.0/24,1
79.229.96.0/24,1
14.89.201.0/24,1
136.32.55.0/24,1
79.208.124.0/24,1
73.115.248.0/24,1
115.54.68.0/24,1
78.99.105.0/24,1
113.150.42.0/24,1
8.218.66.0/24,1
79.32.120.0/24,1
1.117.116.0/24,1
84.192.47.0/24,1
188.36.111.0/24,1
111.193.200.0/24,1
24.10.210.0/24,1
42.192.98.0/24,1
108.36.174.0/24,1
51.190.224.0/24,1
73.32.122.0/24,1
172.112.225.0/24,1
14.52.176.0/24,1
203.119.196.0/24,1
139.209.45.0/24,1
176.48.129.0/24,1
114.199.240.0/24,1
101.30.237.0/24,1
5.70.41.0/24,1
20.114.23.0/24,1
118.210.69.0/24,1
78.77.134.0/24,1
179.224.37.0/24,1
94.125.97.0/24,1
76.158.117.0/24,1
96.234.115.0/24,1
187.140.111.0/24,1
119.216.6.0/24,1
207.164.102.0/24,1
172.226.154.0/24,1
220.175.214.0/24,1
201.111.140.0/24,1
84.60.166.0/24,1
35.82.104.0/24,1
98.239.70.0/24,1
83.44.80.0/24,1
72.142.120.0/24,1
79.24.120.0/24,1
73.125.29.0/24,1
173.50.83.0/24,1
169.147.216.0/24,1
70.93.242.0/24,1
37.21.210.0/24,1
77.179.49.0/24,1
155.4.81.0/24,1
111.107.104.0/24,1
74.91.30.0/24,1
24.9.28.0/24,1
37.122.83.0/24,1
24.90.83.0/24,1
35.209.197.0/24,1
71.219.44.0/24,1
187.145.51.0/24,1
117.6.220.0/24,1
45.141.215.0/24,1
182.124.216.0/24,1
103.161.180.0/24,1
67.197.117.0/24,1
89.29.221.0/24,1
108.63.182.0/24,1
173.236.232.0/24,1
68.134.103.0/24,1
52.92.0.0/24,1
174.1.86.0/24,1
103.197.186.0/24,1
86.25.100.0/24,1
39.124.66.0/24,1
174.60.165.0/24,1
72.93.206.0/24,1
73.190.158.0/24,1
68.187.254.0/24,1
220.82.28.0/24,1
136.165.164.0/24,1
119.52.241.0/24,1
171.5.45.0/24,1
167.57.221.0/24,1
94.240.203.0/24,1
104.64.48.0/24,1
195.251.133.0/24,1
159.0.254.0/24,1
45.155.243.0/24,1
71.191.247.0/24,1
220.129.15.0/24,1
122.173.69.0/24,1
74.76.44.0/24,1
119.222.165.0/24,1
211.230.79.0/24,1
178.60.228.0/24,1
87.253.148.0/24,1
207.115.102.0/24,1
37.20.141.0/24,1
118.103.201.0/24,1
50.72.44.0/24,1
70.67.233.0/24,1
80.52.243.0/24,1
60.137.175.0/24,1
172.114.143.0/24,1
171.37.41.0/24,1
2.133.181.0/24,1
72.184.239.0/24,1
73.255.136.0/24,1
101.235.187.0/24,1
68.118.77.0/24,1
95.223.114.0/24,1
73.68.63.0/24,1
39.72.96.0/24,1
61.152.66.0/24,1
96.230.110.0/24,1
51.146.126.0/24,1
105.140.69.0/24,1
202.212.6.0/24,1
80.200.124.0/24,1
74.109.214.0/24,1
101.86.62.0/24,1
45.50.72.0/24,1
73.36.217.0/24,1
221.194.244.0/24,1
86.103.20.0/24,1
178.212.195.0/24,1
183.143.139.0/24,1
98.245.246.0/24,1
84.188.198.0/24,1
94.9.175.0/24,1
73.126.142.0/24,1
70.120.120.0/24,1
189.107.163.0/24,1
221.156.101.0/24,1
113.111.109.0/24,1
154.28.110.0/24,1
104.88.163.0/24,1
84.163.120.0/24,1
125.27.223.0/24,1
74.110.122.0/24,1
73.197.66.0/24,1
178.20.156.0/24,1
93.113.108.0/24,1
84.10.7.0/24,1
173.91.149.0/24,1
78.42.45.0/24,1
73.10.4.0/24,1
46.8.112.0/24,1
200.8.224.0/24,1
98.59.175.0/24,1
210.8.53.0/24,1
14.37.245.0/24,1
124.226.60.0/24,1
108.51.108.0/24,1
85.228.73.0/24,1
14.201.98.0/24,1
61.108.78.0/24,1
177.37.30.0/24,1
85.137.173.0/24,1
112.231.119.0/24,1
223.241.68.0/24,1
94.209.7.0/24,1
115.117.39.0/24,1
78.88.5.0/24,1
148.66.128.0/24,1
189.249.88.0/24,1
173.48.89.0/24,1
180.231.252.0/24,1
42.82.119.0/24,1
188.250.46.0/24,1
77.248.182.0/24,1
73.150.62.0/24,1
75.149.195.0/24,1
82.27.160.0/24,1
89.56.193.0/24,1
98.148.67.0/24,1
65.185.147.0/24,1
194.242.222.0/24,1
188.51.237.0/24,1
179.198.133.0/24,1
52.215.238.0/24,1
172.65.129.0/24,1
91.37.49.0/24,1
194.163.158.0/24,1
1.249.15.0/24,1
164.67.149.0/24,1
146.60.73.0/24,1
125.164.141.0/24,1
82.18.77.0/24,1
115.11.109.0/24,1
220.160.247.0/24,1
68.34.19.0/24,1
176.253.70.0/24,1
185.11.174.0/24,1
54.64.92.0/24,1
27.157.193.0/24,1
114.199.13.0/24,1
42.56.5.0/24,1
211.206.82.0/24,1
91.182.188.0/24,1
84.134.209.0/24,1
102.47.225.0/24,1
5.45.7.0/24,1
95.244.6.0/24,1
72.23.210.0/24,1
220.122.247.0/24,1
84.60.51.0/24,1
24.86.168.0/24,1
34.28.80.0/24,1
178.199.161.0/24,1
42.242.146.0/24,1
34.133.230.0/24,1
1.249.159.0/24,1
97.85.207.0/24,1
179.214.224.0/24,1
81.2.169.0/24,1
122.152.37.0/24,1
100.38.210.0/24,1
212.20.38.0/24,1
178.254.22.0/24,1
209.203.213.0/24,1
24.108.78.0/24,1
190.215.248.0/24,1
184.161.210.0/24,1
36.95.174.0/24,1
89.106.142.0/24,1
188.169.178.0/24,1
47.154.242.0/24,1
125.186.33.0/24,1
199.71.55.0/24,1
58.244.52.0/24,1
176.24.179.0/24,1
125.39.175.0/24,1
73.216.103.0/24,1
107.119.66.0/24,1
23.77.165.0/24,1
59.90.0.0/24,1
119.219.134.0/24,1
191.162.155.0/24,1
58.234.34.0/24,1
190.183.250.0/24,1
175.199.52.0/24,1
122.169.74.0/24,1
118.35.116.0/24,1
114.41.4.0/24,1
213.196.59.0/24,1
182.162.30.0/24,1
79.156.179.0/24,1
73.74.48.0/24,1
102.39.45.0/24,1
116.22.30.0/24,1
36.65.110.0/24,1
95.122.233.0/24,1
189.180.100.0/24,1
176.79.141.0/24,1
88.70.236.0/24,1
186.247.44.0/24,1
181.116.187.0/24,1
131.246.10.0/24,1
81.39.76.0/24,1
104.173.135.0/24,1
49.172.93.0/24,1
2.83.188.0/24,1
1.232.21.0/24,1
182.214.106.0/24,1
38.92.94.0/24,1
14.89.208.0/24,1
47.152.137.0/24,1
175.193.171.0/24,1
96.17.192.0/24,1
185.99.3.0/24,1
79.156.71.0/24,1
97.101.226.0/24,1
114.139.67.0/24,1
210.197.104.0/24,1
85.197.11.0/24,1
112.232.129.0/24,1
190.232.68.0/24,1
103.234.117.0/24,1
87.110.167.0/24,1
31.166.218.0/24,1
88.95.55.0/24,1
123.241.251.0/24,1
151.233.185.0/24,1
191.222.22.0/24,1
34.69.29.0/24,1
85.251.42.0/24,1
47.98.214.0/24,1
13.33.4.0/24,1
88.15.77.0/24,1
121.45.166.0/24,1
183.105.254.0/24,1
79.27.31.0/24,1
118.208.250.0/24,1
87.7.9.0/24,1
185.206.79.0/24,1
212.239.132.0/24,1
14.231.178.0/24,1
110.248.128.0/24,1
180.162.17.0/24,1
75.2.39.0/24,1
3.208.217.0/24,1
49.143.68.0/24,1
110.121.109.0/24,1
95.168.190.0/24,1
191.227.210.0/24,1
78.25.147.0/24,1
200.241.208.0/24,1
78.196.110.0/24,1
157.52.234.0/24,1
52.217.19.0/24,1
14.36.154.0/24,1
185.14.229.0/24,1
177.130.252.0/24,1
27.155.190.0/24,1
116.202.179.0/24,1
69.68.103.0/24,1
188.247.141.0/24,1
139.59.146.0/24,1
181.3.56.0/24,1
67.185.107.0/24,1
159.100.174.0/24,1
113.200.130.0/24,1
51.91.9.0/24,1
121.30.83.0/24,1
67.62.167.0/24,1
88.23.125.0/24,1
27.157.254.0/24,1
173.73.99.0/24,1
104.254.110.0/24,1
108.46.131.0/24,1
64.111.64.0/24,1
125.136.56.0/24,1
112.67.225.0/24,1
43.229.215.0/24,1
172.101.65.0/24,1
115.97.65.0/24,1
119.210.230.0/24,1
73.112.200.0/24,1
49.169.170.0/24,1
152.169.160.0/24,1
178.68.228.0/24,1
59.129.202.0/24,1
50.4.245.0/24,1
221.206.46.0/24,1
222.92.61.0/24,1
188.121.136.0/24,1
101.88.202.0/24,1
115.19.27.0/24,1
179.250.45.0/24,1
61.253.41.0/24,1
136.232.225.0/24,1
67.6.115.0/24,1
24.63.169.0/24,1
31.163.14.0/24,1
106.201.113.0/24,1
104.120.149.0/24,1
1.54.236.0/24,1
154.95.136.0/24,1
184.177.245.0/24,1
50.93.164.0/24,1
92.110.34.0/24,1
178.173.198.0/24,1
76.186.7.0/24,1
79.137.205.0/24,1
123.57.83.0/24,1
175.146.126.0/24,1
117.193.35.0/24,1
173.173.229.0/24,1
69.139.39.0/24,1
49.28.229.0/24,1
77.168.96.0/24,1
73.38.239.0/24,1
61.75.130.0/24,1
146.190.244.0/24,1
24.9.177.0/24,1
118.34.106.0/24,1
27.239.74.0/24,1
98.41.146.0/24,1
213.73.216.0/24,1
96.41.180.0/24,1
118.59.216.0/24,1
121.148.137.0/24,1
221.139.175.0/24,1
110.92.227.0/24,1
34.145.151.0/24,1
68.10.229.0/24,1
117.211.243.0/24,1
125.136.34.0/24,1
46.237.53.0/24,1
95.238.217.0/24,1
24.49.159.0/24,1
94.111.47.0/24,1
39.134.133.0/24,1
108.176.149.0/24,1
104.21.224.0/24,1
87.247.197.0/24,1
84.174.97.0/24,1
59.174.209.0/24,1
173.32.80.0/24,1
73.206.164.0/24,1
98.110.67.0/24,1
23.199.26.0/24,1
76.122.62.0/24,1
106.105.232.0/24,1
92.68.97.0/24,1
100.14.155.0/24,1
58.222.226.0/24,1
178.70.72.0/24,1
112.221.8.0/24,1
65.32.96.0/24,1
82.47.252.0/24,1
61.145.60.0/24,1
175.149.47.0/24,1
184.160.27.0/24,1
188.65.237.0/24,1
118.50.226.0/24,1
221.161.56.0/24,1
116.236.95.0/24,1
86.10.14.0/24,1
78.118.16.0/24,1
31.210.55.0/24,1
2.223.0.0/24,1
201.170.196.0/24,1
142.234.86.0/24,1
36.73.43.0/24,1
1.252.214.0/24,1
221.219.134.0/24,1
79.56.192.0/24,1
178.186.50.0/24,1
2.204.8.0/24,1
62.228.4.0/24,1
45.166.64.0/24,1
79.41.201.0/24,1
220.64.0.0/24,1
119.177.78.0/24,1
36.79.67.0/24,1
183.124.250.0/24,1
177.202.171.0/24,1
12.42.121.0/24,1
39.75.3.0/24,1
129.226.95.0/24,1
109.197.8.0/24,1
80.33.69.0/24,1
119.116.17.0/24,1
82.74.54.0/24,1
121.133.5.0/24,1
119.206.24.0/24,1
90.149.66.0/24,1
35.203.176.0/24,1
67.149.163.0/24,1
142.197.121.0/24,1
46.33.189.0/24,1
178.134.68.0/24,1
78.19.35.0/24,1
90.198.93.0/24,1
93.144.94.0/24,1
177.232.84.0/24,1
73.96.214.0/24,1
118.61.230.0/24,1
23.61.77.0/24,1
216.71.147.0/24,1
60.151.86.0/24,1
91.75.106.0/24,1
73.135.77.0/24,1
71.190.103.0/24,1
78.110.10.0/24,1
42.191.112.0/24,1
23.204.209.0/24,1
36.94.106.0/24,1
75.83.32.0/24,1
113.205.157.0/24,1
154.58.29.0/24,1
60.174.21.0/24,1
66.24.139.0/24,1
41.83.53.0/24,1
119.190.118.0/24,1
39.99.199.0/24,1
51.79.119.0/24,1
85.128.255.0/24,1
37.41.83.0/24,1
216.92.114.0/24,1
174.100.232.0/24,1
111.71.179.0/24,1
209.137.199.0/24,1
81.88.231.0/24,1
203.206.255.0/24,1
169.46.222.0/24,1
2.183.122.0/24,1
50.227.145.0/24,1
138.68.60.0/24,1
108.54.150.0/24,1
174.114.45.0/24,1
183.100.152.0/24,1
173.34.77.0/24,1
78.192.29.0/24,1
172.98.172.0/24,1
39.86.166.0/24,1
203.154.100.0/24,1
73.83.17.0/24,1
140.141.203.0/24,1
71.172.163.0/24,1
35.209.70.0/24,1
121.168.224.0/24,1
69.11.254.0/24,1
153.36.112.0/24,1
115.10.86.0/24,1
2.182.74.0/24,1
221.166.253.0/24,1
103.53.47.0/24,1
123.189.174.0/24,1
183.234.228.0/24,1
23.0.218.0/24,1
41.98.229.0/24,1
1.165.99.0/24,1
65.9.45.0/24,1
106.226.158.0/24,1
128.116.42.0/24,1
95.101.177.0/24,1
73.143.192.0/24,1
118.218.216.0/24,1
189.234.174.0/24,1
82.31.175.0/24,1
181.171.45.0/24,1
80.212.182.0/24,1
77.47.82.0/24,1
174.162.213.0/24,1
74.98.195.0/24,1
1.179.239.0/24,1
18.164.57.0/24,1
58.121.154.0/24,1
14.72.32.0/24,1
72.23.123.0/24,1
183.195.235.0/24,1
173.24.89.0/24,1
179.85.51.0/24,1
89.231.166.0/24,1
123.213.50.0/24,1
181.1.98.0/24,1
220.120.225.0/24,1
206.0.22.0/24,1
210.204.41.0/24,1
120.42.150.0/24,1
87.187.48.0/24,1
101.224.100.0/24,1
90.141.15.0/24,1
135.125.38.0/24,1
84.20.58.0/24,1
217.209.212.0/24,1
76.143.80.0/24,1
45.56.117.0/24,1
92.107.229.0/24,1
83.228.230.0/24,1
117.9.175.0/24,1
76.16.140.0/24,1
79.17.94.0/24,1
24.59.221.0/24,1
182.127.32.0/24,1
50.3.9.0/24,1
119.189.99.0/24,1
42.194.202.0/24,1
83.68.128.0/24,1
121.135.110.0/24,1
185.243.165.0/24,1
2.243.82.0/24,1
152.243.119.0/24,1
186.251.106.0/24,1
27.76.217.0/24,1
193.226.241.0/24,1
178.14.151.0/24,1
171.61.68.0/24,1
60.100.235.0/24,1
61.28.244.0/24,1
65.175.174.0/24,1
175.205.15.0/24,1
211.57.67.0/24,1
186.13.77.0/24,1
104.64.168.0/24,1
73.255.117.0/24,1
1.226.37.0/24,1
34.96.65.0/24,1
68.42.203.0/24,1
14.201.116.0/24,1
190.9.20.0/24,1
85.242.17.0/24,1
98.163.216.0/24,1
73.222.54.0/24,1
83.239.186.0/24,1
112.162.163.0/24,1
122.159.122.0/24,1
105.111.19.0/24,1
183.187.112.0/24,1
49.57.221.0/24,1
38.102.117.0/24,1
91.22.221.0/24,1
93.104.211.0/24,1
202.166.129.0/24,1
74.109.178.0/24,1
104.108.32.0/24,1
116.233.139.0/24,1
188.190.219.0/24,1
89.26.243.0/24,1
49.69.82.0/24,1
18.163.200.0/24,1
117.14.241.0/24,1
31.165.58.0/24,1
79.118.138.0/24,1
137.255.8.0/24,1
112.151.238.0/24,1
86.6.150.0/24,1
118.60.144.0/24,1
82.197.209.0/24,1
67.181.171.0/24,1
97.113.216.0/24,1
84.29.213.0/24,1
14.244.171.0/24,1
39.86.23.0/24,1
114.215.56.0/24,1
80.188.48.0/24,1
24.19.72.0/24,1
45.182.175.0/24,1
122.171.251.0/24,1
60.135.237.0/24,1
73.157.92.0/24,1
222.217.18.0/24,1
141.164.172.0/24,1
119.241.130.0/24,1
95.32.117.0/24,1
166.88.201.0/24,1
68.206.193.0/24,1
221.141.5.0/24,1
8.243.37.0/24,1
218.156.210.0/24,1
91.128.183.0/24,1
217.114.213.0/24,1
189.134.51.0/24,1
23.209.122.0/24,1
104.66.204.0/24,1
90.202.112.0/24,1
180.136.61.0/24,1
42.243.111.0/24,1
47.203.37.0/24,1
109.136.121.0/24,1
77.9.11.0/24,1
78.40.163.0/24,1
172.114.149.0/24,1
174.99.58.0/24,1
177.224.201.0/24,1
3.1.252.0/24,1
98.195.184.0/24,1
24.128.101.0/24,1
45.33.92.0/24,1
58.158.139.0/24,1
24.92.31.0/24,1
92.212.207.0/24,1
62.76.20.0/24,1
160.86.195.0/24,1
187.234.227.0/24,1
32.142.210.0/24,1
193.77.75.0/24,1
103.238.146.0/24,1
207.38.55.0/24,1
174.4.204.0/24,1
173.72.12.0/24,1
45.134.119.0/24,1
61.24.225.0/24,1
100.33.99.0/24,1
77.106.60.0/24,1
24.142.6.0/24,1
104.98.136.0/24,1
222.109.130.0/24,1
113.225.174.0/24,1
119.5.134.0/24,1
134.238.53.0/24,1
67.167.46.0/24,1
203.174.58.0/24,1
189.156.160.0/24,1
38.66.196.0/24,1
120.9.239.0/24,1
108.20.231.0/24,1
76.176.105.0/24,1
78.151.156.0/24,1
66.131.105.0/24,1
123.241.227.0/24,1
126.249.15.0/24,1
27.204.62.0/24,1
82.208.21.0/24,1
36.55.137.0/24,1
167.71.238.0/24,1
79.118.27.0/24,1
73.13.158.0/24,1
84.199.84.0/24,1
36.99.63.0/24,1
92.200.1.0/24,1
82.181.35.0/24,1
46.160.149.0/24,1
151.101.244.0/24,1
59.102.142.0/24,1
88.138.214.0/24,1
61.101.101.0/24,1
171.242.75.0/24,1
98.208.56.0/24,1
51.83.172.0/24,1
65.29.38.0/24,1
88.130.25.0/24,1
119.155.87.0/24,1
187.5.234.0/24,1
34.168.94.0/24,1
143.176.64.0/24,1
95.234.72.0/24,1
188.129.2.0/24,1
57.98.96.0/24,1
194.50.157.0/24,1
219.74.57.0/24,1
188.80.45.0/24,1
176.248.157.0/24,1
173.25.223.0/24,1
136.32.68.0/24,1
77.183.168.0/24,1
73.157.150.0/24,1
103.27.207.0/24,1
77.250.129.0/24,1
96.7.201.0/24,1
45.58.139.0/24,1
84.180.142.0/24,1
170.55.31.0/24,1
79.30.224.0/24,1
73.3.253.0/24,1
172.117.111.0/24,1
72.194.190.0/24,1
3.210.80.0/24,1
183.188.82.0/24,1
51.81.121.0/24,1
66.20.248.0/24,1
194.230.3.0/24,1
81.40.103.0/24,1
58.101.196.0/24,1
50.111.80.0/24,1
88.89.181.0/24,1
172.67.145.0/24,1
23.52.156.0/24,1
85.169.121.0/24,1
86.4.17.0/24,1
81.101.209.0/24,1
179.35.69.0/24,1
115.99.188.0/24,1
34.110.240.0/24,1
190.11.174.0/24,1
90.200.38.0/24,1
85.166.202.0/24,1
98.126.19.0/24,1
171.246.136.0/24,1
113.4.98.0/24,1
121.188.10.0/24,1
90.209.52.0/24,1
60.139.150.0/24,1
24.14.155.0/24,1
134.65.133.0/24,1
71.117.152.0/24,1
68.45.210.0/24,1
106.200.120.0/24,1
139.60.195.0/24,1
210.195.24.0/24,1
116.116.12.0/24,1
52.47.142.0/24,1
182.245.43.0/24,1
47.92.150.0/24,1
223.99.251.0/24,1
172.114.148.0/24,1
85.245.79.0/24,1
74.77.67.0/24,1
108.52.55.0/24,1
94.216.5.0/24,1
170.205.185.0/24,1
75.117.168.0/24,1
27.19.127.0/24,1
216.182.103.0/24,1
67.162.157.0/24,1
1.241.19.0/24,1
223.223.196.0/24,1
94.139.178.0/24,1
44.200.24.0/24,1
101.34.33.0/24,1
176.196.92.0/24,1
102.113.4.0/24,1
200.52.177.0/24,1
123.120.53.0/24,1
115.19.99.0/24,1
73.78.165.0/24,1
81.82.92.0/24,1
160.172.248.0/24,1
64.124.65.0/24,1
115.23.92.0/24,1
60.177.58.0/24,1
93.210.93.0/24,1
187.131.168.0/24,1
61.98.202.0/24,1
123.60.7.0/24,1
160.121.120.0/24,1
105.149.133.0/24,1
77.144.176.0/24,1
96.93.255.0/24,1
197.157.120.0/24,1
97.82.30.0/24,1
220.180.19.0/24,1
8.219.127.0/24,1
173.212.64.0/24,1
104.118.233.0/24,1
213.21.134.0/24,1
90.196.180.0/24,1
173.89.12.0/24,1
85.7.8.0/24,1
73.149.61.0/24,1
5.158.122.0/24,1
201.89.15.0/24,1
162.144.23.0/24,1
112.169.14.0/24,1
62.82.8.0/24,1
211.179.115.0/24,1
200.163.46.0/24,1
98.234.37.0/24,1
104.103.170.0/24,1
116.122.102.0/24,1
35.203.174.0/24,1
172.89.193.0/24,1
180.106.123.0/24,1
163.172.88.0/24,1
88.70.209.0/24,1
114.202.119.0/24,1
180.249.236.0/24,1
178.39.62.0/24,1
121.25.6.0/24,1
178.47.157.0/24,1
50.44.254.0/24,1
27.68.83.0/24,1
1.177.110.0/24,1
182.126.239.0/24,1
98.5.159.0/24,1
36.91.241.0/24,1
24.123.236.0/24,1
79.36.218.0/24,1
95.179.227.0/24,1
147.154.106.0/24,1
107.189.22.0/24,1
132.148.79.0/24,1
52.105.197.0/24,1
173.11.65.0/24,1
68.203.50.0/24,1
171.233.89.0/24,1
60.153.172.0/24,1
43.143.3.0/24,1
95.117.17.0/24,1
220.187.162.0/24,1
62.85.99.0/24,1
217.228.94.0/24,1
75.162.71.0/24,1
71.123.52.0/24,1
185.221.80.0/24,1
189.34.127.0/24,1
87.92.85.0/24,1
187.61.177.0/24,1
175.169.219.0/24,1
23.211.14.0/24,1
78.37.189.0/24,1
66.191.152.0/24,1
196.187.72.0/24,1
103.153.255.0/24,1
73.163.45.0/24,1
124.170.16.0/24,1
142.197.131.0/24,1
92.110.59.0/24,1
91.179.246.0/24,1
104.123.110.0/24,1
138.59.198.0/24,1
73.47.157.0/24,1
171.238.16.0/24,1
84.242.23.0/24,1
176.44.67.0/24,1
113.36.81.0/24,1
1.234.202.0/24,1
93.96.12.0/24,1
1.211.100.0/24,1
35.211.138.0/24,1
23.194.39.0/24,1
37.55.137.0/24,1
101.29.76.0/24,1
175.204.150.0/24,1
74.205.134.0/24,1
79.215.3.0/24,1
125.128.122.0/24,1
99.10.66.0/24,1
121.4.96.0/24,1
122.167.226.0/24,1
66.25.111.0/24,1
176.101.213.0/24,1
112.160.244.0/24,1
111.14.43.0/24,1
82.38.79.0/24,1
184.104.192.0/24,1
179.134.234.0/24,1
79.154.65.0/24,1
109.6.6.0/24,1
94.19.143.0/24,1
157.245.191.0/24,1
151.231.159.0/24,1
119.130.201.0/24,1
170.178.196.0/24,1
78.84.218.0/24,1
79.107.213.0/24,1
69.162.108.0/24,1
93.153.41.0/24,1
126.159.114.0/24,1
121.83.250.0/24,1
65.24.196.0/24,1
77.102.167.0/24,1
197.10.175.0/24,1
5.71.115.0/24,1
201.32.2.0/24,1
191.220.42.0/24,1
69.242.103.0/24,1
109.194.149.0/24,1
69.50.229.0/24,1
175.150.188.0/24,1
219.249.67.0/24,1
104.124.177.0/24,1
115.64.93.0/24,1
124.70.71.0/24,1
104.220.195.0/24,1
24.20.49.0/24,1
104.149.13.0/24,1
40.123.193.0/24,1
76.145.206.0/24,1
121.178.27.0/24,1
183.230.243.0/24,1
115.134.172.0/24,1
95.229.123.0/24,1
121.128.104.0/24,1
216.59.119.0/24,1
223.65.67.0/24,1
134.73.139.0/24,1
59.55.238.0/24,1
5.135.183.0/24,1
82.65.134.0/24,1
172.221.78.0/24,1
60.25.21.0/24,1
46.17.100.0/24,1
39.105.3.0/24,1
34.96.223.0/24,1
70.93.96.0/24,1
94.130.64.0/24,1
76.132.138.0/24,1
70.180.116.0/24,1
84.59.63.0/24,1
187.168.231.0/24,1
50.193.198.0/24,1
112.234.225.0/24,1
83.14.26.0/24,1
14.53.229.0/24,1
122.173.164.0/24,1
141.9.105.0/24,1
74.78.180.0/24,1
87.246.48.0/24,1
40.129.26.0/24,1
178.186.221.0/24,1
76.19.187.0/24,1
118.43.36.0/24,1
203.206.77.0/24,1
89.38.92.0/24,1
107.184.115.0/24,1
158.62.202.0/24,1
117.14.22.0/24,1
17.78.201.0/24,1
86.160.58.0/24,1
80.251.217.0/24,1
35.143.83.0/24,1
187.153.12.0/24,1
75.162.134.0/24,1
70.178.29.0/24,1
221.205.125.0/24,1
77.129.87.0/24,1
175.238.83.0/24,1
114.107.70.0/24,1
139.202.34.0/24,1
50.201.59.0/24,1
125.128.48.0/24,1
34.149.240.0/24,1
109.165.143.0/24,1
212.225.216.0/24,1
119.114.108.0/24,1
125.47.82.0/24,1
14.207.41.0/24,1
60.105.159.0/24,1
121.184.253.0/24,1
67.164.187.0/24,1
188.80.180.0/24,1
113.3.43.0/24,1
175.205.246.0/24,1
110.246.179.0/24,1
95.165.4.0/24,1
146.212.127.0/24,1
90.219.57.0/24,1
75.182.36.0/24,1
85.244.96.0/24,1
27.238.139.0/24,1
50.71.152.0/24,1
194.158.224.0/24,1
173.243.3.0/24,1
115.15.167.0/24,1
94.218.171.0/24,1
189.131.100.0/24,1
218.216.81.0/24,1
166.168.59.0/24,1
58.58.15.0/24,1
86.14.38.0/24,1
221.117.227.0/24,1
147.192.43.0/24,1
92.217.69.0/24,1
82.49.247.0/24,1
110.246.212.0/24,1
79.21.151.0/24,1
61.69.249.0/24,1
110.68.90.0/24,1
201.131.38.0/24,1
216.172.181.0/24,1
172.96.156.0/24,1
68.82.96.0/24,1
24.192.134.0/24,1
189.135.238.0/24,1
89.10.19.0/24,1
86.59.189.0/24,1
2.243.15.0/24,1
213.66.30.0/24,1
193.235.100.0/24,1
96.255.12.0/24,1
207.135.174.0/24,1
78.84.169.0/24,1
118.53.48.0/24,1
206.233.227.0/24,1
103.91.59.0/24,1
98.35.149.0/24,1
218.253.77.0/24,1
188.183.253.0/24,1
39.37.174.0/24,1
35.169.84.0/24,1
126.77.82.0/24,1
84.20.37.0/24,1
92.86.202.0/24,1
190.207.196.0/24,1
125.185.30.0/24,1
114.101.250.0/24,1
173.223.69.0/24,1
167.60.36.0/24,1
119.165.84.0/24,1
175.174.24.0/24,1
93.21.194.0/24,1
99.243.233.0/24,1
103.166.118.0/24,1
14.88.99.0/24,1
73.183.145.0/24,1
112.75.86.0/24,1
165.173.2.0/24,1
109.248.157.0/24,1
41.139.243.0/24,1
187.201.245.0/24,1
95.245.79.0/24,1
209.105.144.0/24,1
71.56.113.0/24,1
202.184.232.0/24,1
47.203.88.0/24,1
210.186.27.0/24,1
1.237.146.0/24,1
118.81.197.0/24,1
98.49.118.0/24,1
122.116.34.0/24,1
82.43.207.0/24,1
110.47.107.0/24,1
98.194.208.0/24,1
24.57.122.0/24,1
24.88.155.0/24,1
211.199.167.0/24,1
187.195.137.0/24,1
78.246.9.0/24,1
109.111.61.0/24,1
191.178.113.0/24,1
187.4.240.0/24,1
14.77.72.0/24,1
60.22.168.0/24,1
68.34.167.0/24,1
216.154.222.0/24,1
118.39.103.0/24,1
119.177.76.0/24,1
39.69.113.0/24,1
65.129.23.0/24,1
42.177.73.0/24,1
112.160.112.0/24,1
73.203.112.0/24,1
154.147.239.0/24,1
83.219.43.0/24,1
46.249.143.0/24,1
84.185.123.0/24,1
65.141.250.0/24,1
68.206.39.0/24,1
199.83.222.0/24,1
154.3.191.0/24,1
92.195.11.0/24,1
83.42.28.0/24,1
84.175.88.0/24,1
58.18.141.0/24,1
78.152.68.0/24,1
61.98.121.0/24,1
82.72.2.0/24,1
124.60.3.0/24,1
84.194.80.0/24,1
188.67.162.0/24,1
151.55.45.0/24,1
123.109.241.0/24,1
101.87.211.0/24,1
207.161.130.0/24,1
37.13.171.0/24,1
110.12.125.0/24,1
91.96.112.0/24,1
121.103.9.0/24,1
36.230.133.0/24,1
81.192.15.0/24,1
77.179.62.0/24,1
13.226.115.0/24,1
27.212.27.0/24,1
134.202.129.0/24,1
60.241.174.0/24,1
60.156.245.0/24,1
112.155.6.0/24,1
98.21.71.0/24,1
51.136.112.0/24,1
2.206.5.0/24,1
188.50.159.0/24,1
177.230.181.0/24,1
185.190.96.0/24,1
62.11.235.0/24,1
128.0.114.0/24,1
94.3.163.0/24,1
163.120.118.0/24,1
177.194.14.0/24,1
125.181.194.0/24,1
121.149.178.0/24,1
109.199.64.0/24,1
79.151.240.0/24,1
151.2.170.0/24,1
223.6.37.0/24,1
90.210.181.0/24,1
83.32.253.0/24,1
23.42.38.0/24,1
78.66.13.0/24,1
195.114.201.0/24,1
31.163.200.0/24,1
50.104.83.0/24,1
46.180.97.0/24,1
112.99.177.0/24,1
201.14.200.0/24,1
116.99.207.0/24,1
112.194.81.0/24,1
113.81.70.0/24,1
93.131.121.0/24,1
5.14.6.0/24,1
88.64.108.0/24,1
219.249.140.0/24,1
73.86.148.0/24,1
122.178.215.0/24,1
103.173.255.0/24,1
23.227.203.0/24,1
14.179.57.0/24,1
109.62.20.0/24,1
174.23.147.0/24,1
91.234.61.0/24,1
122.157.229.0/24,1
75.162.69.0/24,1
91.5.235.0/24,1
223.177.102.0/24,1
128.223.19.0/24,1
82.68.39.0/24,1
108.254.232.0/24,1
69.254.48.0/24,1
38.63.132.0/24,1
67.175.114.0/24,1
178.67.112.0/24,1
211.211.167.0/24,1
176.24.159.0/24,1
61.220.148.0/24,1
79.140.189.0/24,1
216.172.142.0/24,1
83.32.235.0/24,1
69.139.36.0/24,1
216.16.76.0/24,1
73.195.24.0/24,1
1.179.63.0/24,1
97.100.177.0/24,1
174.85.96.0/24,1
71.207.74.0/24,1
113.7.61.0/24,1
223.226.7.0/24,1
47.113.21.0/24,1
189.147.34.0/24,1
63.155.11.0/24,1
93.207.225.0/24,1
51.83.16.0/24,1
58.226.46.0/24,1
180.73.20.0/24,1
187.84.245.0/24,1
73.237.197.0/24,1
14.53.183.0/24,1
94.11.146.0/24,1
140.99.145.0/24,1
100.2.206.0/24,1
189.176.247.0/24,1
87.248.212.0/24,1
104.117.55.0/24,1
81.104.114.0/24,1
38.55.142.0/24,1
98.48.96.0/24,1
166.254.190.0/24,1
83.53.158.0/24,1
14.61.56.0/24,1
188.32.90.0/24,1
46.139.99.0/24,1
110.68.63.0/24,1
121.145.222.0/24,1
59.36.105.0/24,1
112.146.169.0/24,1
218.234.116.0/24,1
73.34.151.0/24,1
45.149.119.0/24,1
91.180.43.0/24,1
13.86.152.0/24,1
188.18.136.0/24,1
82.217.67.0/24,1
121.44.7.0/24,1
87.66.222.0/24,1
191.135.218.0/24,1
128.137.133.0/24,1
178.119.13.0/24,1
117.93.36.0/24,1
5.252.143.0/24,1
73.151.170.0/24,1
130.176.139.0/24,1
18.217.48.0/24,1
23.12.135.0/24,1
140.228.24.0/24,1
126.34.246.0/24,1
154.124.153.0/24,1
78.252.46.0/24,1
199.231.112.0/24,1
140.250.144.0/24,1
65.49.192.0/24,1
114.234.224.0/24,1
27.113.121.0/24,1
77.35.218.0/24,1
178.45.41.0/24,1
195.39.194.0/24,1
98.228.130.0/24,1
35.224.87.0/24,1
76.30.153.0/24,1
45.86.64.0/24,1
44.227.176.0/24,1
105.100.15.0/24,1
100.36.122.0/24,1
18.160.182.0/24,1
72.68.117.0/24,1
169.232.60.0/24,1
73.51.67.0/24,1
173.66.29.0/24,1
76.175.91.0/24,1
184.164.160.0/24,1
24.255.4.0/24,1
94.74.101.0/24,1
97.114.111.0/24,1
189.189.176.0/24,1
69.121.198.0/24,1
123.135.208.0/24,1
34.89.253.0/24,1
36.54.226.0/24,1
75.132.66.0/24,1
83.111.224.0/24,1
78.23.109.0/24,1
47.39.143.0/24,1
211.226.68.0/24,1
96.239.68.0/24,1
100.8.126.0/24,1
89.41.65.0/24,1
108.183.161.0/24,1
62.182.80.0/24,1
35.226.246.0/24,1
189.130.188.0/24,1
125.107.19.0/24,1
212.171.59.0/24,1
70.123.231.0/24,1
113.229.77.0/24,1
124.94.73.0/24,1
187.65.64.0/24,1
180.119.199.0/24,1
5.65.132.0/24,1
51.183.201.0/24,1
94.246.246.0/24,1
60.134.30.0/24,1
71.62.52.0/24,1
135.148.138.0/24,1
199.168.189.0/24,1
184.155.93.0/24,1
59.6.59.0/24,1
60.25.112.0/24,1
91.97.92.0/24,1
219.102.201.0/24,1
14.56.253.0/24,1
87.66.112.0/24,1
222.161.122.0/24,1
175.229.181.0/24,1
94.204.117.0/24,1
69.253.54.0/24,1
87.18.69.0/24,1
126.150.184.0/24,1
68.33.137.0/24,1
31.204.114.0/24,1
49.56.144.0/24,1
58.159.227.0/24,1
73.131.45.0/24,1
125.190.83.0/24,1
104.82.93.0/24,1
86.25.15.0/24,1
103.29.68.0/24,1
125.119.200.0/24,1
129.240.190.0/24,1
45.87.209.0/24,1
183.86.148.0/24,1
35.240.35.0/24,1
157.167.107.0/24,1
72.227.112.0/24,1
87.198.151.0/24,1
83.41.83.0/24,1
86.16.226.0/24,1
210.219.188.0/24,1
93.182.202.0/24,1
43.92.161.0/24,1
163.16.245.0/24,1
195.116.123.0/24,1
39.113.70.0/24,1
94.102.215.0/24,1
112.249.37.0/24,1
174.117.188.0/24,1
85.242.193.0/24,1
118.59.150.0/24,1
59.25.74.0/24,1
34.251.10.0/24,1
94.225.145.0/24,1
188.81.58.0/24,1
86.29.36.0/24,1
184.28.181.0/24,1
39.180.88.0/24,1
220.78.217.0/24,1
89.245.174.0/24,1
191.162.84.0/24,1
187.86.183.0/24,1
110.43.88.0/24,1
193.200.113.0/24,1
46.64.40.0/24,1
188.60.193.0/24,1
61.144.214.0/24,1
77.98.243.0/24,1
61.55.192.0/24,1
94.226.215.0/24,1
104.76.231.0/24,1
190.135.13.0/24,1
77.180.156.0/24,1
193.218.11.0/24,1
80.118.248.0/24,1
92.107.173.0/24,1
112.236.233.0/24,1
81.44.199.0/24,1
74.129.99.0/24,1
61.220.159.0/24,1
78.217.92.0/24,1
185.17.226.0/24,1
113.239.133.0/24,1
77.8.76.0/24,1
62.228.80.0/24,1
176.236.115.0/24,1
182.76.205.0/24,1
122.114.0.0/24,1
84.238.169.0/24,1
112.237.200.0/24,1
113.205.192.0/24,1
84.120.84.0/24,1
179.164.7.0/24,1
116.107.201.0/24,1
151.233.244.0/24,1
80.122.187.0/24,1
49.115.184.0/24,1
210.18.175.0/24,1
113.7.60.0/24,1
197.245.63.0/24,1
46.153.112.0/24,1
123.123.89.0/24,1
121.28.151.0/24,1
39.184.200.0/24,1
119.234.33.0/24,1
179.175.208.0/24,1
95.198.141.0/24,1
27.228.72.0/24,1
166.169.145.0/24,1
